key,subject,task,condition,prob,logit3_0,logit3_1,logit3_2,y_binary,y_affect3,nat_physio,nat_audio,nat_video,variant,seed,fold
71i5_Breathing,71i5,Breathing,full,0.13348285853862762,0.8959989547729492,-0.29831230640411377,-0.3067459762096405,1,0,1,0,1,temporal,0,0
71i5_Math,71i5,Math,full,0.6566329598426819,-0.4604492783546448,0.8271695971488953,-0.3038233816623688,1,2,1,1,1,temporal,0,0
71i5_Reading,71i5,Reading,full,0.7813891768455505,-1.4955041408538818,0.3917570114135742,0.49183520674705505,0,0,1,1,1,temporal,0,0
71i5_Relax,71i5,Relax,full,0.21702054142951965,0.8989242315292358,-0.325411856174469,-0.611508309841156,0,0,1,0,1,temporal,0,0
71i5_Speaking,71i5,Speaking,full,0.749997615814209,-0.9581650495529175,0.5483071804046631,0.9729992747306824,0,0,1,1,1,temporal,0,0
71i5_Stroop,71i5,Stroop,full,0.8877163529396057,-0.9568004608154297,0.29320234060287476,0.7019751667976379,1,2,1,1,1,temporal,0,0
cxj0_Breathing,cxj0,Breathing,full,0.13556548953056335,0.8386263847351074,-0.29670679569244385,-0.3525899350643158,1,2,1,0,1,temporal,0,0
cxj0_Math,cxj0,Math,full,0.6423110365867615,-0.2672920525074005,0.7448657155036926,-0.34223467111587524,1,2,1,1,1,temporal,0,0
cxj0_Reading,cxj0,Reading,full,0.7611901164054871,-1.3665400743484497,0.2875884175300598,0.5102540254592896,0,0,1,1,1,temporal,0,0
cxj0_Relax,cxj0,Relax,full,0.22359627485275269,0.8565559387207031,-0.34587985277175903,-0.557539701461792,0,0,1,0,1,temporal,0,0
cxj0_Speaking,cxj0,Speaking,full,0.7167652249336243,-0.6949666738510132,0.3841341733932495,0.9704416990280151,0,1,1,1,1,temporal,0,0
cxj0_Stroop,cxj0,Stroop,full,0.8700984716415405,-0.7925314903259277,0.004814520478248596,0.5687035918235779,1,2,1,1,1,temporal,0,0
r5s8_Breathing,r5s8,Breathing,full,0.13875706493854523,0.7892119884490967,-0.2308429330587387,-0.3214656710624695,0,1,1,0,1,temporal,0,0
r5s8_Math,r5s8,Math,full,0.6607660055160522,-0.5465461015701294,0.9188922047615051,-0.22066907584667206,0,1,1,1,1,temporal,0,0
r5s8_Reading,r5s8,Reading,full,0.7592687606811523,-1.4600751399993896,0.4162484407424927,0.5438951253890991,1,1,1,1,1,temporal,0,0
r5s8_Relax,r5s8,Relax,full,0.22251324355602264,0.8722690343856812,-0.30817824602127075,-0.5367755889892578,1,1,1,0,1,temporal,0,0
r5s8_Speaking,r5s8,Speaking,full,0.7275610566139221,-0.8310543298721313,0.5264703035354614,1.0401041507720947,0,1,1,1,1,temporal,0,0
r5s8_Stroop,r5s8,Stroop,full,0.8915802836418152,-1.039742350578308,0.31688737869262695,0.7012473344802856,1,1,1,1,1,temporal,0,0
y9z6_Breathing,y9z6,Breathing,full,0.1370650976896286,0.8621103763580322,-0.26513171195983887,-0.36843177676200867,0,0,1,0,1,temporal,0,0
y9z6_Math,y9z6,Math,full,0.6271123886108398,-0.37425497174263,0.8791732788085938,-0.3947797417640686,1,1,1,1,1,temporal,0,0
y9z6_Reading,y9z6,Reading,full,0.7718424797058105,-1.4927499294281006,0.3700120449066162,0.4812469482421875,0,1,1,1,1,temporal,0,0
y9z6_Relax,y9z6,Relax,full,0.2251570075750351,0.916785478591919,-0.35774117708206177,-0.5980433225631714,0,0,1,0,1,temporal,0,0
y9z6_Speaking,y9z6,Speaking,full,0.7275502681732178,-0.8159865140914917,0.5009912252426147,0.9088147282600403,1,2,1,1,1,temporal,0,0
y9z6_Stroop,y9z6,Stroop,full,0.8845570087432861,-0.8779276609420776,0.16763077676296234,0.612521767616272,1,1,1,1,1,temporal,0,0
71i5_Breathing,71i5,Breathing,no_physio,0.12231886386871338,1.0794202089309692,-0.38745903968811035,-0.20235052704811096,1,0,1,0,1,temporal,0,0
71i5_Math,71i5,Math,no_physio,0.6368176341056824,-0.3754049837589264,0.7640714049339294,-0.3516865074634552,1,2,1,1,1,temporal,0,0
71i5_Reading,71i5,Reading,no_physio,0.7796147465705872,-1.5314555168151855,0.30351459980010986,0.4874367415904999,0,0,1,1,1,temporal,0,0
71i5_Relax,71i5,Relax,no_physio,0.21909864246845245,0.9752287864685059,-0.40081876516342163,-0.5455871820449829,0,0,1,0,1,temporal,0,0
71i5_Speaking,71i5,Speaking,no_physio,0.7507264018058777,-1.0018739700317383,0.5089091062545776,0.992009162902832,0,0,1,1,1,temporal,0,0
71i5_Stroop,71i5,Stroop,no_physio,0.8835999369621277,-0.9415102005004883,0.2736204266548157,0.6893278956413269,1,2,1,1,1,temporal,0,0
cxj0_Breathing,cxj0,Breathing,no_physio,0.11919672787189484,1.0171632766723633,-0.37504178285598755,-0.28826335072517395,1,2,1,0,1,temporal,0,0
cxj0_Math,cxj0,Math,no_physio,0.619626522064209,-0.12045731395483017,0.6414041519165039,-0.3881010115146637,1,2,1,1,1,temporal,0,0
cxj0_Reading,cxj0,Reading,no_physio,0.7432949542999268,-1.2880736589431763,0.25372791290283203,0.4881778657436371,0,0,1,1,1,temporal,0,0
cxj0_Relax,cxj0,Relax,no_physio,0.21263301372528076,0.9658429622650146,-0.4172852039337158,-0.5507573485374451,0,0,1,0,1,temporal,0,0
cxj0_Speaking,cxj0,Speaking,no_physio,0.70978844165802,-0.6931579113006592,0.31397533416748047,0.9912654161453247,0,1,1,1,1,temporal,0,0
cxj0_Stroop,cxj0,Stroop,no_physio,0.8559322953224182,-0.6542398929595947,0.032268889248371124,0.5820418000221252,1,2,1,1,1,temporal,0,0
r5s8_Breathing,r5s8,Breathing,no_physio,0.1251196712255478,0.9702574014663696,-0.3189614415168762,-0.21470719575881958,0,1,1,0,1,temporal,0,0
r5s8_Math,r5s8,Math,no_physio,0.6368460655212402,-0.5013662576675415,0.8398527503013611,-0.26050662994384766,0,1,1,1,1,temporal,0,0
r5s8_Reading,r5s8,Reading,no_physio,0.7492402791976929,-1.4564168453216553,0.30190175771713257,0.50752192735672,1,1,1,1,1,temporal,0,0
r5s8_Relax,r5s8,Relax,no_physio,0.21245454251766205,0.9788589477539062,-0.3894418478012085,-0.5429742932319641,1,1,1,0,1,temporal,0,0
r5s8_Speaking,r5s8,Speaking,no_physio,0.7199857234954834,-0.8723289966583252,0.4312518835067749,1.061630129814148,0,1,1,1,1,temporal,0,0
r5s8_Stroop,r5s8,Stroop,no_physio,0.8831223845481873,-1.0344741344451904,0.27965855598449707,0.6965881586074829,1,1,1,1,1,temporal,0,0
y9z6_Breathing,y9z6,Breathing,no_physio,0.11810474842786789,1.0333493947982788,-0.3972587585449219,-0.2930564284324646,0,0,1,0,1,temporal,0,0
y9z6_Math,y9z6,Math,no_physio,0.5882726311683655,-0.24831336736679077,0.7692623734474182,-0.4637031853199005,1,1,1,1,1,temporal,0,0
y9z6_Reading,y9z6,Reading,no_physio,0.7698368430137634,-1.4868295192718506,0.3205459713935852,0.43409568071365356,0,1,1,1,1,temporal,0,0
y9z6_Relax,y9z6,Relax,no_physio,0.21255269646644592,0.9774035215377808,-0.43929392099380493,-0.590968906879425,0,0,1,0,1,temporal,0,0
y9z6_Speaking,y9z6,Speaking,no_physio,0.7139895558357239,-0.7958872318267822,0.4311479330062866,0.9313231706619263,1,2,1,1,1,temporal,0,0
y9z6_Stroop,y9z6,Stroop,no_physio,0.8796011209487915,-0.8563641309738159,0.11501598358154297,0.6225818395614624,1,1,1,1,1,temporal,0,0
71i5_Breathing,71i5,Breathing,no_audio,0.13348285853862762,0.8959989547729492,-0.29831230640411377,-0.3067459762096405,1,0,1,0,1,temporal,0,0
71i5_Math,71i5,Math,no_audio,0.6036587357521057,-0.11982077360153198,0.7689860463142395,-0.47604450583457947,1,2,1,1,1,temporal,0,0
71i5_Reading,71i5,Reading,no_audio,0.6741016507148743,-1.0293498039245605,0.17356421053409576,0.3919734060764313,0,0,1,1,1,temporal,0,0
71i5_Relax,71i5,Relax,no_audio,0.21702054142951965,0.8989242315292358,-0.325411856174469,-0.611508309841156,0,0,1,0,1,temporal,0,0
71i5_Speaking,71i5,Speaking,no_audio,0.6911253929138184,-0.5898735523223877,0.3713756203651428,0.9050716757774353,0,0,1,1,1,temporal,0,0
71i5_Stroop,71i5,Stroop,no_audio,0.8582336902618408,-0.6563796997070312,0.00609082356095314,0.4796551465988159,1,2,1,1,1,temporal,0,0
cxj0_Breathing,cxj0,Breathing,no_audio,0.13556548953056335,0.8386263847351074,-0.29670679569244385,-0.3525899350643158,1,2,1,0,1,temporal,0,0
cxj0_Math,cxj0,Math,no_audio,0.5887451171875,-0.08627516031265259,0.7337914705276489,-0.5115454792976379,1,2,1,1,1,temporal,0,0
cxj0_Reading,cxj0,Reading,no_audio,0.7160404920578003,-1.1590898036956787,0.2432393580675125,0.4391566812992096,0,0,1,1,1,temporal,0,0
cxj0_Relax,cxj0,Relax,no_audio,0.22359627485275269,0.8565559387207031,-0.34587985277175903,-0.557539701461792,0,0,1,0,1,temporal,0,0
cxj0_Speaking,cxj0,Speaking,no_audio,0.6670058369636536,-0.4854319989681244,0.3062288165092468,0.8597940802574158,0,1,1,1,1,temporal,0,0
cxj0_Stroop,cxj0,Stroop,no_audio,0.8583722710609436,-0.6624412536621094,-0.009967423975467682,0.4797457158565521,1,2,1,1,1,temporal,0,0
r5s8_Breathing,r5s8,Breathing,no_audio,0.13875706493854523,0.7892119884490967,-0.2308429330587387,-0.3214656710624695,0,1,1,0,1,temporal,0,0
r5s8_Math,r5s8,Math,no_audio,0.5995793342590332,-0.13393501937389374,0.7744036316871643,-0.4963429868221283,0,1,1,1,1,temporal,0,0
r5s8_Reading,r5s8,Reading,no_audio,0.6967591047286987,-1.0640662908554077,0.20993895828723907,0.4501793682575226,1,1,1,1,1,temporal,0,0
r5s8_Relax,r5s8,Relax,no_audio,0.22251324355602264,0.8722690343856812,-0.30817824602127075,-0.5367755889892578,1,1,1,0,1,temporal,0,0
r5s8_Speaking,r5s8,Speaking,no_audio,0.6737738251686096,-0.48516398668289185,0.33504408597946167,0.9238545298576355,0,1,1,1,1,temporal,0,0
r5s8_Stroop,r5s8,Stroop,no_audio,0.8567050099372864,-0.6665976047515869,0.009109560400247574,0.5186232924461365,1,1,1,1,1,temporal,0,0
y9z6_Breathing,y9z6,Breathing,no_audio,0.1370650976896286,0.8621103763580322,-0.26513171195983887,-0.36843177676200867,0,0,1,0,1,temporal,0,0
y9z6_Math,y9z6,Math,no_audio,0.585793137550354,0.013374708592891693,0.7366800308227539,-0.5056508183479309,1,1,1,1,1,temporal,0,0
y9z6_Reading,y9z6,Reading,no_audio,0.7121918201446533,-1.134096622467041,0.2273850291967392,0.44612744450569153,0,1,1,1,1,temporal,0,0
y9z6_Relax,y9z6,Relax,no_audio,0.2251570075750351,0.916785478591919,-0.35774117708206177,-0.5980433225631714,0,0,1,0,1,temporal,0,0
y9z6_Speaking,y9z6,Speaking,no_audio,0.6817333102226257,-0.5045524835586548,0.31546103954315186,0.873113751411438,1,2,1,1,1,temporal,0,0
y9z6_Stroop,y9z6,Stroop,no_audio,0.855800449848175,-0.5431414246559143,-0.012848880141973495,0.49738845229148865,1,1,1,1,1,temporal,0,0
71i5_Breathing,71i5,Breathing,no_video,0.15194687247276306,0.5991252660751343,-0.1979047954082489,-0.2602030634880066,1,0,1,0,1,temporal,0,0
71i5_Math,71i5,Math,no_video,0.713761031627655,-0.7812163829803467,0.7953062653541565,-0.13425621390342712,1,2,1,1,1,temporal,0,0
71i5_Reading,71i5,Reading,no_video,0.8151430487632751,-1.811675786972046,0.4642360210418701,0.5947386026382446,0,0,1,1,1,temporal,0,0
71i5_Relax,71i5,Relax,no_video,0.196189746260643,0.8588223457336426,-0.32283270359039307,-0.6235842108726501,0,0,1,0,1,temporal,0,0
71i5_Speaking,71i5,Speaking,no_video,0.7561120390892029,-1.2637869119644165,0.5875694751739502,1.0003710985183716,0,0,1,1,1,temporal,0,0
71i5_Stroop,71i5,Stroop,no_video,0.9044831395149231,-1.4215368032455444,0.28695082664489746,0.7731812000274658,1,2,1,1,1,temporal,0,0
cxj0_Breathing,cxj0,Breathing,no_video,0.15515679121017456,0.5933585166931152,-0.2264723777770996,-0.26275405287742615,1,2,1,0,1,temporal,0,0
cxj0_Math,cxj0,Math,no_video,0.689715564250946,-0.5652011632919312,0.8804221749305725,-0.11874514818191528,1,2,1,1,1,temporal,0,0
cxj0_Reading,cxj0,Reading,no_video,0.7918656468391418,-1.6196502447128296,0.4114950895309448,0.584692120552063,0,0,1,1,1,temporal,0,0
cxj0_Relax,cxj0,Relax,no_video,0.2066122144460678,0.8155076503753662,-0.28262025117874146,-0.5537601113319397,0,0,1,0,1,temporal,0,0
cxj0_Speaking,cxj0,Speaking,no_video,0.7406091690063477,-1.0540101528167725,0.5609068870544434,1.0498974323272705,0,1,1,1,1,temporal,0,0
cxj0_Stroop,cxj0,Stroop,no_video,0.8920809030532837,-1.1320222616195679,0.2020280510187149,0.6250673532485962,1,2,1,1,1,temporal,0,0
r5s8_Breathing,r5s8,Breathing,no_video,0.14276498556137085,0.6339373588562012,-0.20550405979156494,-0.30926284193992615,0,1,1,0,1,temporal,0,0
r5s8_Math,r5s8,Math,no_video,0.7222880721092224,-0.9369096755981445,0.8037242889404297,-0.05824965983629227,0,1,1,1,1,temporal,0,0
r5s8_Reading,r5s8,Reading,no_video,0.8076752424240112,-1.8865313529968262,0.3981207609176636,0.6108133792877197,1,1,1,1,1,temporal,0,0
r5s8_Relax,r5s8,Relax,no_video,0.2055835872888565,0.8333210945129395,-0.2579267621040344,-0.5401638746261597,1,1,1,0,1,temporal,0,0
r5s8_Speaking,r5s8,Speaking,no_video,0.7495648264884949,-1.2329717874526978,0.5640777945518494,1.0120614767074585,0,1,1,1,1,temporal,0,0
r5s8_Stroop,r5s8,Stroop,no_video,0.9046953916549683,-1.4434714317321777,0.3449234962463379,0.7431815266609192,1,1,1,1,1,temporal,0,0
y9z6_Breathing,y9z6,Breathing,no_video,0.14176785945892334,0.6487628221511841,-0.16854552924633026,-0.3002762496471405,0,0,1,0,1,temporal,0,0
y9z6_Math,y9z6,Math,no_video,0.7077416777610779,-0.8701827526092529,0.9211195111274719,-0.19954721629619598,1,1,1,1,1,temporal,0,0
y9z6_Reading,y9z6,Reading,no_video,0.8006179928779602,-1.7801052331924438,0.4473375082015991,0.6105263829231262,0,1,1,1,1,temporal,0,0
y9z6_Relax,y9z6,Relax,no_video,0.19721749424934387,0.891177773475647,-0.24658747017383575,-0.5637270212173462,0,0,1,0,1,temporal,0,0
y9z6_Speaking,y9z6,Speaking,no_video,0.7485718131065369,-1.1788907051086426,0.6400676965713501,0.9916583299636841,1,2,1,1,1,temporal,0,0
y9z6_Stroop,y9z6,Stroop,no_video,0.9007659554481506,-1.3360497951507568,0.3140917420387268,0.7124395966529846,1,1,1,1,1,temporal,0,0
71i5_Breathing,71i5,Breathing,physio_only,0.15194687247276306,0.5991252660751343,-0.1979047954082489,-0.2602030634880066,1,0,1,0,1,temporal,0,0
71i5_Math,71i5,Math,physio_only,0.6128827929496765,-0.24533359706401825,0.7967203855514526,-0.42718008160591125,1,2,1,1,1,temporal,0,0
71i5_Reading,71i5,Reading,physio_only,0.7198095917701721,-1.3372509479522705,0.2710915207862854,0.3949114978313446,0,0,1,1,1,temporal,0,0
71i5_Relax,71i5,Relax,physio_only,0.196189746260643,0.8588223457336426,-0.32283270359039307,-0.6235842108726501,0,0,1,0,1,temporal,0,0
71i5_Speaking,71i5,Speaking,physio_only,0.6852124333381653,-0.7669087648391724,0.4767775535583496,0.9079216122627258,0,0,1,1,1,temporal,0,0
71i5_Stroop,71i5,Stroop,physio_only,0.8690689206123352,-0.8794649839401245,0.11130161583423615,0.4600368142127991,1,2,1,1,1,temporal,0,0
cxj0_Breathing,cxj0,Breathing,physio_only,0.15515679121017456,0.5933585166931152,-0.2264723777770996,-0.26275405287742615,1,2,1,0,1,temporal,0,0
cxj0_Math,cxj0,Math,physio_only,0.6093073487281799,-0.2595393657684326,0.7983014583587646,-0.44302690029144287,1,2,1,1,1,temporal,0,0
cxj0_Reading,cxj0,Reading,physio_only,0.7422321438789368,-1.3865588903427124,0.3295537829399109,0.4542981684207916,0,0,1,1,1,temporal,0,0
cxj0_Relax,cxj0,Relax,physio_only,0.2066122144460678,0.8155076503753662,-0.28262025117874146,-0.5537601113319397,0,0,1,0,1,temporal,0,0
cxj0_Speaking,cxj0,Speaking,physio_only,0.6827192902565002,-0.7580708265304565,0.4808797836303711,0.9105485081672668,0,1,1,1,1,temporal,0,0
cxj0_Stroop,cxj0,Stroop,physio_only,0.8693227171897888,-0.8908430337905884,0.12563961744308472,0.4638952910900116,1,2,1,1,1,temporal,0,0
r5s8_Breathing,r5s8,Breathing,physio_only,0.14276498556137085,0.6339373588562012,-0.20550405979156494,-0.30926284193992615,0,1,1,0,1,temporal,0,0
r5s8_Math,r5s8,Math,physio_only,0.6114373803138733,-0.23456522822380066,0.8470656275749207,-0.40875473618507385,0,1,1,1,1,temporal,0,0
r5s8_Reading,r5s8,Reading,physio_only,0.7416179776191711,-1.3935589790344238,0.3282299041748047,0.4543587863445282,1,1,1,1,1,temporal,0,0
r5s8_Relax,r5s8,Relax,physio_only,0.2055835872888565,0.8333210945129395,-0.2579267621040344,-0.5401638746261597,1,1,1,0,1,temporal,0,0
r5s8_Speaking,r5s8,Speaking,physio_only,0.6822718381881714,-0.7490988969802856,0.4930434823036194,0.9206870198249817,0,1,1,1,1,temporal,0,0
r5s8_Stroop,r5s8,Stroop,physio_only,0.8703104257583618,-0.8774431943893433,0.1664804369211197,0.5059860348701477,1,1,1,1,1,temporal,0,0
y9z6_Breathing,y9z6,Breathing,physio_only,0.14176785945892334,0.6487628221511841,-0.16854552924633026,-0.3002762496471405,0,0,1,0,1,temporal,0,0
y9z6_Math,y9z6,Math,physio_only,0.61622154712677,-0.2565822899341583,0.8906115889549255,-0.38029196858406067,1,1,1,1,1,temporal,0,0
y9z6_Reading,y9z6,Reading,physio_only,0.7480189204216003,-1.3941861391067505,0.3567379117012024,0.4859268367290497,0,1,1,1,1,temporal,0,0
y9z6_Relax,y9z6,Relax,physio_only,0.19721749424934387,0.891177773475647,-0.24658747017383575,-0.5637270212173462,0,0,1,0,1,temporal,0,0
y9z6_Speaking,y9z6,Speaking,physio_only,0.6897417902946472,-0.7481734752655029,0.5120151042938232,0.9388725757598877,1,2,1,1,1,temporal,0,0
y9z6_Stroop,y9z6,Stroop,physio_only,0.8691503405570984,-0.843204140663147,0.16595472395420074,0.5317621231079102,1,1,1,1,1,temporal,0,0
71i5_Breathing,71i5,Breathing,audio_only,0.1309005618095398,0.7466892004013062,-0.24462291598320007,-0.26249656081199646,1,0,1,0,1,temporal,0,0
71i5_Math,71i5,Math,audio_only,0.7019650936126709,-0.9082037210464478,0.7776153087615967,-0.19798147678375244,1,2,1,1,1,temporal,0,0
71i5_Reading,71i5,Reading,audio_only,0.8248406648635864,-1.982840895652771,0.36998915672302246,0.5840947031974792,0,0,1,1,1,temporal,0,0
71i5_Relax,71i5,Relax,audio_only,0.18843472003936768,0.9137886762619019,-0.2941392660140991,-0.652025580406189,0,0,1,0,1,temporal,0,0
71i5_Speaking,71i5,Speaking,audio_only,0.7797325253486633,-1.497029423713684,0.49450528621673584,0.9909807443618774,0,0,1,1,1,temporal,0,0
71i5_Stroop,71i5,Stroop,audio_only,0.9029973745346069,-1.5320849418640137,0.2552253007888794,0.7727406620979309,1,2,1,1,1,temporal,0,0
cxj0_Breathing,cxj0,Breathing,audio_only,0.1309005618095398,0.7466892004013062,-0.24462291598320007,-0.26249656081199646,1,2,1,0,1,temporal,0,0
cxj0_Math,cxj0,Math,audio_only,0.675109326839447,-0.5907167196273804,0.8583186268806458,-0.17481741309165955,1,2,1,1,1,temporal,0,0
cxj0_Reading,cxj0,Reading,audio_only,0.7888702750205994,-1.6540123224258423,0.4238904118537903,0.599759042263031,0,0,1,1,1,temporal,0,0
cxj0_Relax,cxj0,Relax,audio_only,0.18843472003936768,0.9137886762619019,-0.2941392660140991,-0.652025580406189,0,0,1,0,1,temporal,0,0
cxj0_Speaking,cxj0,Speaking,audio_only,0.7441118955612183,-1.181077003479004,0.5139586925506592,1.1132954359054565,0,1,1,1,1,temporal,0,0
cxj0_Stroop,cxj0,Stroop,audio_only,0.8716498017311096,-1.0690107345581055,0.22069837152957916,0.6526311039924622,1,2,1,1,1,temporal,0,0
r5s8_Breathing,r5s8,Breathing,audio_only,0.1309005618095398,0.7466892004013062,-0.24462291598320007,-0.26249656081199646,0,1,1,0,1,temporal,0,0
r5s8_Math,r5s8,Math,audio_only,0.7115923762321472,-0.991722583770752,0.7708293795585632,-0.09950828552246094,0,1,1,1,1,temporal,0,0
r5s8_Reading,r5s8,Reading,audio_only,0.8094427585601807,-1.9578570127487183,0.3399338722229004,0.5731051564216614,1,1,1,1,1,temporal,0,0
r5s8_Relax,r5s8,Relax,audio_only,0.18843472003936768,0.9137886762619019,-0.2941392660140991,-0.652025580406189,1,1,1,0,1,temporal,0,0
r5s8_Speaking,r5s8,Speaking,audio_only,0.7608389854431152,-1.4005026817321777,0.4804844260215759,1.014660358428955,0,1,1,1,1,temporal,0,0
r5s8_Stroop,r5s8,Stroop,audio_only,0.8992372751235962,-1.5582337379455566,0.2647565007209778,0.7035919427871704,1,1,1,1,1,temporal,0,0
y9z6_Breathing,y9z6,Breathing,audio_only,0.1309005618095398,0.7466892004013062,-0.24462291598320007,-0.26249656081199646,0,0,1,0,1,temporal,0,0
y9z6_Math,y9z6,Math,audio_only,0.7087881565093994,-0.9033616781234741,0.8250633478164673,-0.2122347056865692,1,1,1,1,1,temporal,0,0
y9z6_Reading,y9z6,Reading,audio_only,0.8063513040542603,-1.8546067476272583,0.33904188871383667,0.5656241178512573,0,1,1,1,1,temporal,0,0
y9z6_Relax,y9z6,Relax,audio_only,0.18843472003936768,0.9137886762619019,-0.2941392660140991,-0.652025580406189,0,0,1,0,1,temporal,0,0
y9z6_Speaking,y9z6,Speaking,audio_only,0.764861524105072,-1.3362473249435425,0.5383945107460022,1.0136373043060303,1,2,1,1,1,temporal,0,0
y9z6_Stroop,y9z6,Stroop,audio_only,0.9052756428718567,-1.4806264638900757,0.1759016066789627,0.7633808255195618,1,1,1,1,1,temporal,0,0
71i5_Breathing,71i5,Breathing,video_only,0.12231886386871338,1.0794202089309692,-0.38745903968811035,-0.20235052704811096,1,0,1,0,1,temporal,0,0
71i5_Math,71i5,Math,video_only,0.5582252740859985,0.16923481225967407,0.609352171421051,-0.48794373869895935,1,2,1,1,1,temporal,0,0
71i5_Reading,71i5,Reading,video_only,0.6503797173500061,-0.8476216793060303,0.012239322066307068,0.45407798886299133,0,0,1,1,1,temporal,0,0
71i5_Relax,71i5,Relax,video_only,0.21909864246845245,0.9752287864685059,-0.40081876516342163,-0.5455871820449829,0,0,1,0,1,temporal,0,0
71i5_Speaking,71i5,Speaking,video_only,0.6560158133506775,-0.40990307927131653,0.2753530740737915,0.9633671045303345,0,0,1,1,1,temporal,0,0
71i5_Stroop,71i5,Stroop,video_only,0.8374917507171631,-0.367205947637558,0.003125213086605072,0.5247772336006165,1,2,1,1,1,temporal,0,0
cxj0_Breathing,cxj0,Breathing,video_only,0.11919672787189484,1.0171632766723633,-0.37504178285598755,-0.28826335072517395,1,2,1,0,1,temporal,0,0
cxj0_Math,cxj0,Math,video_only,0.5322951674461365,0.26015999913215637,0.5595688223838806,-0.5133224725723267,1,2,1,1,1,temporal,0,0
cxj0_Reading,cxj0,Reading,video_only,0.6723436117172241,-0.9509812593460083,0.0850285142660141,0.43820175528526306,0,0,1,1,1,temporal,0,0
cxj0_Relax,cxj0,Relax,video_only,0.21263301372528076,0.9658429622650146,-0.4172852039337158,-0.5507573485374451,0,0,1,0,1,temporal,0,0
cxj0_Speaking,cxj0,Speaking,video_only,0.6269677877426147,-0.29097872972488403,0.1621759533882141,0.8967908024787903,0,1,1,1,1,temporal,0,0
cxj0_Stroop,cxj0,Stroop,video_only,0.8341497778892517,-0.3436475098133087,-0.029306359589099884,0.5261393189430237,1,2,1,1,1,temporal,0,0
r5s8_Breathing,r5s8,Breathing,video_only,0.1251196712255478,0.9702574014663696,-0.3189614415168762,-0.21470719575881958,0,1,1,0,1,temporal,0,0
r5s8_Math,r5s8,Math,video_only,0.5336838364601135,0.15314677357673645,0.5751189589500427,-0.5442678928375244,0,1,1,1,1,temporal,0,0
r5s8_Reading,r5s8,Reading,video_only,0.6566661596298218,-0.8649290800094604,0.03454424440860748,0.45326343178749084,1,1,1,1,1,temporal,0,0
r5s8_Relax,r5s8,Relax,video_only,0.21245454251766205,0.9788589477539062,-0.3894418478012085,-0.5429742932319641,1,1,1,0,1,temporal,0,0
r5s8_Speaking,r5s8,Speaking,video_only,0.6303346753120422,-0.29665607213974,0.19275259971618652,0.9760283827781677,0,1,1,1,1,temporal,0,0
r5s8_Stroop,r5s8,Stroop,video_only,0.8264192342758179,-0.34567025303840637,-0.07213951647281647,0.5143561959266663,1,1,1,1,1,temporal,0,0
y9z6_Breathing,y9z6,Breathing,video_only,0.11810474842786789,1.0333493947982788,-0.3972587585449219,-0.2930564284324646,0,0,1,0,1,temporal,0,0
y9z6_Math,y9z6,Math,video_only,0.5080382823944092,0.3347468078136444,0.5381813049316406,-0.5255686640739441,1,1,1,1,1,temporal,0,0
y9z6_Reading,y9z6,Reading,video_only,0.6684765219688416,-0.9793976545333862,0.0579194575548172,0.42804619669914246,0,1,1,1,1,temporal,0,0
y9z6_Relax,y9z6,Relax,video_only,0.21255269646644592,0.9774035215377808,-0.43929392099380493,-0.590968906879425,0,0,1,0,1,temporal,0,0
y9z6_Speaking,y9z6,Speaking,video_only,0.6287258267402649,-0.32390815019607544,0.16446319222450256,0.9011873602867126,1,2,1,1,1,temporal,0,0
y9z6_Stroop,y9z6,Stroop,video_only,0.819642961025238,-0.2508070468902588,-0.06770410388708115,0.5133577585220337,1,1,1,1,1,temporal,0,0
6g6y_Breathing,6g6y,Breathing,full,0.2509438693523407,0.9055668711662292,-0.5634101629257202,-0.1082216203212738,0,0,1,0,1,temporal,0,1
6g6y_Math,6g6y,Math,full,0.6768791675567627,-0.8569183349609375,0.8790969252586365,0.13559766113758087,1,2,1,1,1,temporal,0,1
6g6y_Reading,6g6y,Reading,full,0.7064772248268127,-1.0098516941070557,0.243840754032135,0.4659620225429535,1,2,1,1,1,temporal,0,1
6g6y_Relax,6g6y,Relax,full,0.4045405685901642,0.4935499429702759,-0.039227213710546494,-0.35378050804138184,0,0,1,0,1,temporal,0,1
6g6y_Speaking,6g6y,Speaking,full,0.601253092288971,-0.37662070989608765,0.24224859476089478,1.0731102228164673,1,2,1,1,1,temporal,0,1
6g6y_Stroop,6g6y,Stroop,full,0.8386667966842651,-0.7893890738487244,0.4821418225765228,0.4060963988304138,1,2,1,1,1,temporal,0,1
9txq_Breathing,9txq,Breathing,full,0.25771456956863403,0.8385441899299622,-0.6038758754730225,-0.15113380551338196,0,0,1,0,1,temporal,0,1
9txq_Math,9txq,Math,full,0.7027475833892822,-1.0620251893997192,0.7823926210403442,0.4214586913585663,1,2,1,1,1,temporal,0,1
9txq_Reading,9txq,Reading,full,0.7448161244392395,-1.2566635608673096,0.13643985986709595,0.6242064237594604,0,1,1,1,1,temporal,0,1
9txq_Relax,9txq,Relax,full,0.40578746795654297,0.43101006746292114,-0.08168266713619232,-0.42589133977890015,0,0,1,0,1,temporal,0,1
9txq_Speaking,9txq,Speaking,full,0.6265849471092224,-0.5617683529853821,0.15782049298286438,1.1233590841293335,1,2,1,1,1,temporal,0,1
9txq_Stroop,9txq,Stroop,full,0.8524039387702942,-0.9691134095191956,0.4787502586841583,0.7172248363494873,1,2,1,1,1,temporal,0,1
p9i3_Breathing,p9i3,Breathing,full,0.27599698305130005,0.6604750752449036,-0.5117002725601196,-0.014557143673300743,0,0,1,0,1,temporal,0,1
p9i3_Math,p9i3,Math,full,0.6993387937545776,-1.0489842891693115,0.8363999724388123,0.4671562910079956,1,1,1,1,1,temporal,0,1
p9i3_Reading,p9i3,Reading,full,0.7071037888526917,-1.0729918479919434,0.10349777340888977,0.4587056040763855,0,0,1,1,1,temporal,0,1
p9i3_Relax,p9i3,Relax,full,0.3934319019317627,0.4526026248931885,-0.04885232076048851,-0.3689892292022705,0,0,1,0,1,temporal,0,1
p9i3_Speaking,p9i3,Speaking,full,0.6411383748054504,-0.6780692338943481,0.2549080550670624,1.1557875871658325,1,1,1,1,1,temporal,0,1
p9i3_Stroop,p9i3,Stroop,full,0.8546070456504822,-0.9999597668647766,0.5071390867233276,0.7897585034370422,1,1,1,1,1,temporal,0,1
x1q3_Breathing,x1q3,Breathing,full,0.2605895698070526,0.8908376693725586,-0.584520161151886,-0.1222095638513565,0,0,1,0,1,temporal,0,1
x1q3_Math,x1q3,Math,full,0.7102949619293213,-1.1051459312438965,0.7731886506080627,0.5198065638542175,1,0,1,1,1,temporal,0,1
x1q3_Reading,x1q3,Reading,full,0.7516410946846008,-1.3248730897903442,0.19703885912895203,0.6782600283622742,1,2,1,1,1,temporal,0,1
x1q3_Relax,x1q3,Relax,full,0.41842424869537354,0.4203859567642212,-0.022084351629018784,-0.36295607686042786,0,0,1,0,1,temporal,0,1
x1q3_Speaking,x1q3,Speaking,full,0.6565051674842834,-0.6527974009513855,0.1695450246334076,1.1551824808120728,1,2,1,1,1,temporal,0,1
x1q3_Stroop,x1q3,Stroop,full,0.854926586151123,-1.0581077337265015,0.4720458686351776,0.8014659881591797,1,2,1,1,1,temporal,0,1
6g6y_Breathing,6g6y,Breathing,no_physio,0.26074162125587463,0.982258141040802,-0.7067490220069885,0.11739283800125122,0,0,1,0,1,temporal,0,1
6g6y_Math,6g6y,Math,no_physio,0.6610594987869263,-0.7076202630996704,0.7884250283241272,0.1146693080663681,1,2,1,1,1,temporal,0,1
6g6y_Reading,6g6y,Reading,no_physio,0.6873771548271179,-0.8844918608665466,0.11410045623779297,0.5056667923927307,1,2,1,1,1,temporal,0,1
6g6y_Relax,6g6y,Relax,no_physio,0.40621984004974365,0.6190771460533142,-0.2142159640789032,-0.29561084508895874,0,0,1,0,1,temporal,0,1
6g6y_Speaking,6g6y,Speaking,no_physio,0.5912832021713257,-0.32568812370300293,0.10942673683166504,1.1876747608184814,1,2,1,1,1,temporal,0,1
6g6y_Stroop,6g6y,Stroop,no_physio,0.8322696685791016,-0.6784358620643616,0.44169434905052185,0.46324536204338074,1,2,1,1,1,temporal,0,1
9txq_Breathing,9txq,Breathing,no_physio,0.2511647939682007,0.9588882327079773,-0.6835756897926331,0.066645547747612,0,0,1,0,1,temporal,0,1
9txq_Math,9txq,Math,no_physio,0.6989889144897461,-0.9105536937713623,0.7921766638755798,0.4407406449317932,1,2,1,1,1,temporal,0,1
9txq_Reading,9txq,Reading,no_physio,0.7342684864997864,-1.156985878944397,0.10094574093818665,0.6693766117095947,0,1,1,1,1,temporal,0,1
9txq_Relax,9txq,Relax,no_physio,0.4049004018306732,0.5559762120246887,-0.2040814757347107,-0.317898690700531,0,0,1,0,1,temporal,0,1
9txq_Speaking,9txq,Speaking,no_physio,0.6273314356803894,-0.5246110558509827,0.07828715443611145,1.2435452938079834,1,2,1,1,1,temporal,0,1
9txq_Stroop,9txq,Stroop,no_physio,0.8570722937583923,-0.8892931938171387,0.4915619194507599,0.807770311832428,1,2,1,1,1,temporal,0,1
p9i3_Breathing,p9i3,Breathing,no_physio,0.2585144639015198,0.9282047152519226,-0.7078648805618286,0.09160418808460236,0,0,1,0,1,temporal,0,1
p9i3_Math,p9i3,Math,no_physio,0.7012863755226135,-0.8713043332099915,0.7666393518447876,0.4625404477119446,1,1,1,1,1,temporal,0,1
p9i3_Reading,p9i3,Reading,no_physio,0.7216355800628662,-1.1418914794921875,0.029942486435174942,0.5482973456382751,0,0,1,1,1,temporal,0,1
p9i3_Relax,p9i3,Relax,no_physio,0.38816604018211365,0.5978521704673767,-0.2424851953983307,-0.31377774477005005,0,0,1,0,1,temporal,0,1
p9i3_Speaking,p9i3,Speaking,no_physio,0.6379391551017761,-0.6104744076728821,0.07029235363006592,1.2026220560073853,1,1,1,1,1,temporal,0,1
p9i3_Stroop,p9i3,Stroop,no_physio,0.851736307144165,-0.9137256145477295,0.4190565049648285,0.8230957984924316,1,1,1,1,1,temporal,0,1
x1q3_Breathing,x1q3,Breathing,no_physio,0.2608509957790375,0.8789318203926086,-0.6768677830696106,0.09146375209093094,0,0,1,0,1,temporal,0,1
x1q3_Math,x1q3,Math,no_physio,0.7140184044837952,-0.969671368598938,0.7809005379676819,0.5117505788803101,1,0,1,1,1,temporal,0,1
x1q3_Reading,x1q3,Reading,no_physio,0.7462370991706848,-1.2519159317016602,0.2047537863254547,0.6691083312034607,1,2,1,1,1,temporal,0,1
x1q3_Relax,x1q3,Relax,no_physio,0.42262503504753113,0.5153599381446838,-0.17071621119976044,-0.29101988673210144,0,0,1,0,1,temporal,0,1
x1q3_Speaking,x1q3,Speaking,no_physio,0.6539401412010193,-0.7032325267791748,0.2437158226966858,1.237461805343628,1,2,1,1,1,temporal,0,1
x1q3_Stroop,x1q3,Stroop,no_physio,0.8604198098182678,-0.9849423766136169,0.47555652260780334,0.8557769656181335,1,2,1,1,1,temporal,0,1
6g6y_Breathing,6g6y,Breathing,no_audio,0.2509438693523407,0.9055668711662292,-0.5634101629257202,-0.1082216203212738,0,0,1,0,1,temporal,0,1
6g6y_Math,6g6y,Math,no_audio,0.6781899333000183,-0.6847406029701233,0.7367046475410461,0.21169103682041168,1,2,1,1,1,temporal,0,1
6g6y_Reading,6g6y,Reading,no_audio,0.7066693305969238,-0.9899227619171143,0.14850950241088867,0.5807333588600159,1,2,1,1,1,temporal,0,1
6g6y_Relax,6g6y,Relax,no_audio,0.4045405685901642,0.4935499429702759,-0.039227213710546494,-0.35378050804138184,0,0,1,0,1,temporal,0,1
6g6y_Speaking,6g6y,Speaking,no_audio,0.6107221841812134,-0.3088826537132263,0.14302943646907806,1.0763332843780518,1,2,1,1,1,temporal,0,1
6g6y_Stroop,6g6y,Stroop,no_audio,0.8251627683639526,-0.6341081261634827,0.24787503480911255,0.46507132053375244,1,2,1,1,1,temporal,0,1
9txq_Breathing,9txq,Breathing,no_audio,0.25771456956863403,0.8385441899299622,-0.6038758754730225,-0.15113380551338196,0,0,1,0,1,temporal,0,1
9txq_Math,9txq,Math,no_audio,0.6803566217422485,-0.8198940753936768,0.678597629070282,0.13855989277362823,1,2,1,1,1,temporal,0,1
9txq_Reading,9txq,Reading,no_audio,0.7120789885520935,-1.049588680267334,0.07047900557518005,0.5381631851196289,0,1,1,1,1,temporal,0,1
9txq_Relax,9txq,Relax,no_audio,0.40578746795654297,0.43101006746292114,-0.08168266713619232,-0.42589133977890015,0,0,1,0,1,temporal,0,1
9txq_Speaking,9txq,Speaking,no_audio,0.6058279871940613,-0.2949075996875763,0.09534797072410583,1.0031946897506714,1,2,1,1,1,temporal,0,1
9txq_Stroop,9txq,Stroop,no_audio,0.8202032446861267,-0.6805488467216492,0.21824464201927185,0.4087792634963989,1,2,1,1,1,temporal,0,1
p9i3_Breathing,p9i3,Breathing,no_audio,0.27599698305130005,0.6604750752449036,-0.5117002725601196,-0.014557143673300743,0,0,1,0,1,temporal,0,1
p9i3_Math,p9i3,Math,no_audio,0.6717904210090637,-0.6995054483413696,0.7277821898460388,0.1578657180070877,1,1,1,1,1,temporal,0,1
p9i3_Reading,p9i3,Reading,no_audio,0.67671138048172,-0.826084315776825,0.020871464163064957,0.40796369314193726,0,0,1,1,1,temporal,0,1
p9i3_Relax,p9i3,Relax,no_audio,0.3934319019317627,0.4526026248931885,-0.04885232076048851,-0.3689892292022705,0,0,1,0,1,temporal,0,1
p9i3_Speaking,p9i3,Speaking,no_audio,0.6139540076255798,-0.3731423616409302,0.14449112117290497,1.0886815786361694,1,1,1,1,1,temporal,0,1
p9i3_Stroop,p9i3,Stroop,no_audio,0.8236691951751709,-0.6358891129493713,0.25018009543418884,0.4762718677520752,1,1,1,1,1,temporal,0,1
x1q3_Breathing,x1q3,Breathing,no_audio,0.2605895698070526,0.8908376693725586,-0.584520161151886,-0.1222095638513565,0,0,1,0,1,temporal,0,1
x1q3_Math,x1q3,Math,no_audio,0.6889811158180237,-0.8031583428382874,0.7099988460540771,0.2513788342475891,1,0,1,1,1,temporal,0,1
x1q3_Reading,x1q3,Reading,no_audio,0.7162220478057861,-1.0373197793960571,0.08332771062850952,0.579545259475708,1,2,1,1,1,temporal,0,1
x1q3_Relax,x1q3,Relax,no_audio,0.41842424869537354,0.4203859567642212,-0.022084351629018784,-0.36295607686042786,0,0,1,0,1,temporal,0,1
x1q3_Speaking,x1q3,Speaking,no_audio,0.6161290407180786,-0.321879506111145,0.004987213760614395,1.0052963495254517,1,2,1,1,1,temporal,0,1
x1q3_Stroop,x1q3,Stroop,no_audio,0.8286546468734741,-0.7244821786880493,0.24312472343444824,0.469356507062912,1,2,1,1,1,temporal,0,1
6g6y_Breathing,6g6y,Breathing,no_video,0.23523156344890594,0.7260397672653198,-0.39909395575523376,-0.25864821672439575,0,0,1,0,1,temporal,0,1
6g6y_Math,6g6y,Math,no_video,0.6728275418281555,-0.9505863189697266,1.058463454246521,0.09270892292261124,1,2,1,1,1,temporal,0,1
6g6y_Reading,6g6y,Reading,no_video,0.7019630074501038,-1.1091766357421875,0.40771815180778503,0.40718957781791687,1,2,1,1,1,temporal,0,1
6g6y_Relax,6g6y,Relax,no_video,0.3775080442428589,0.43971532583236694,0.1731480062007904,-0.5238397717475891,0,0,1,0,1,temporal,0,1
6g6y_Speaking,6g6y,Speaking,no_video,0.5793173909187317,-0.5030913352966309,0.4527982771396637,0.9757832288742065,1,2,1,1,1,temporal,0,1
6g6y_Stroop,6g6y,Stroop,no_video,0.8379987478256226,-1.0283114910125732,0.7305757403373718,0.2654665410518646,1,2,1,1,1,temporal,0,1
9txq_Breathing,9txq,Breathing,no_video,0.2529984712600708,0.6666772961616516,-0.45232921838760376,-0.26015037298202515,0,0,1,0,1,temporal,0,1
9txq_Math,9txq,Math,no_video,0.7187543511390686,-1.2987712621688843,0.7163005471229553,0.2967355251312256,1,2,1,1,1,temporal,0,1
9txq_Reading,9txq,Reading,no_video,0.7408059239387512,-1.409807562828064,0.20994985103607178,0.49281537532806396,0,1,1,1,1,temporal,0,1
9txq_Relax,9txq,Relax,no_video,0.38499730825424194,0.39212673902511597,0.07153333723545074,-0.6182020306587219,0,0,1,0,1,temporal,0,1
9txq_Speaking,9txq,Speaking,no_video,0.6131599545478821,-0.7783745527267456,0.31973931193351746,1.021779179573059,1,2,1,1,1,temporal,0,1
9txq_Stroop,9txq,Stroop,no_video,0.8611366152763367,-1.35286545753479,0.5161943435668945,0.5304381251335144,1,2,1,1,1,temporal,0,1
p9i3_Breathing,p9i3,Breathing,no_video,0.2649419903755188,0.5566608905792236,-0.3499264121055603,-0.13419905304908752,0,0,1,0,1,temporal,0,1
p9i3_Math,p9i3,Math,no_video,0.7085471749305725,-1.3050109148025513,0.7884970903396606,0.3863951861858368,1,1,1,1,1,temporal,0,1
p9i3_Reading,p9i3,Reading,no_video,0.7093177437782288,-1.2518672943115234,0.27145665884017944,0.403353750705719,0,0,1,1,1,temporal,0,1
p9i3_Relax,p9i3,Relax,no_video,0.3812215328216553,0.41901278495788574,0.1669180542230606,-0.5305037498474121,0,0,1,0,1,temporal,0,1
p9i3_Speaking,p9i3,Speaking,no_video,0.6277306079864502,-0.8215345740318298,0.43273958563804626,1.0785647630691528,1,1,1,1,1,temporal,0,1
p9i3_Stroop,p9i3,Stroop,no_video,0.8583917617797852,-1.3497965335845947,0.5664963126182556,0.6286013722419739,1,1,1,1,1,temporal,0,1
x1q3_Breathing,x1q3,Breathing,no_video,0.23406283557415009,0.7517616748809814,-0.4250057339668274,-0.2738589942455292,0,0,1,0,1,temporal,0,1
x1q3_Math,x1q3,Math,no_video,0.7139748930931091,-1.3321354389190674,0.7584437131881714,0.43064993619918823,1,0,1,1,1,temporal,0,1
x1q3_Reading,x1q3,Reading,no_video,0.7521406412124634,-1.54677152633667,0.23159506916999817,0.5742688179016113,1,2,1,1,1,temporal,0,1
x1q3_Relax,x1q3,Relax,no_video,0.380912721157074,0.41803914308547974,0.16245503723621368,-0.5423485040664673,0,0,1,0,1,temporal,0,1
x1q3_Speaking,x1q3,Speaking,no_video,0.6623732447624207,-0.9866242408752441,0.25944963097572327,1.0611474514007568,1,2,1,1,1,temporal,0,1
x1q3_Stroop,x1q3,Stroop,no_video,0.8594212532043457,-1.3868939876556396,0.5318632125854492,0.6532657742500305,1,2,1,1,1,temporal,0,1
6g6y_Breathing,6g6y,Breathing,physio_only,0.23523156344890594,0.7260397672653198,-0.39909395575523376,-0.25864821672439575,0,0,1,0,1,temporal,0,1
6g6y_Math,6g6y,Math,physio_only,0.6573420166969299,-0.7545430064201355,0.9371614456176758,0.105869822204113,1,2,1,1,1,temporal,0,1
6g6y_Reading,6g6y,Reading,physio_only,0.6986732482910156,-1.1119147539138794,0.32208290696144104,0.37801647186279297,1,2,1,1,1,temporal,0,1
6g6y_Relax,6g6y,Relax,physio_only,0.3775080442428589,0.43971532583236694,0.1731480062007904,-0.5238397717475891,0,0,1,0,1,temporal,0,1
6g6y_Speaking,6g6y,Speaking,physio_only,0.5931369066238403,-0.45301783084869385,0.37972262501716614,0.9426314234733582,1,2,1,1,1,temporal,0,1
6g6y_Stroop,6g6y,Stroop,physio_only,0.8251538276672363,-0.8437711596488953,0.5761387348175049,0.28012946248054504,1,2,1,1,1,temporal,0,1
9txq_Breathing,9txq,Breathing,physio_only,0.2529984712600708,0.6666772961616516,-0.45232921838760376,-0.26015037298202515,0,0,1,0,1,temporal,0,1
9txq_Math,9txq,Math,physio_only,0.6530057191848755,-0.8300180435180664,0.7875276803970337,-0.009243747219443321,1,2,1,1,1,temporal,0,1
9txq_Reading,9txq,Reading,physio_only,0.7025507092475891,-1.165328025817871,0.17097190022468567,0.2751302421092987,0,1,1,1,1,temporal,0,1
9txq_Relax,9txq,Relax,physio_only,0.38499730825424194,0.39212673902511597,0.07153333723545074,-0.6182020306587219,0,0,1,0,1,temporal,0,1
9txq_Speaking,9txq,Speaking,physio_only,0.5972572565078735,-0.5316722393035889,0.2756125032901764,0.8175322413444519,1,2,1,1,1,temporal,0,1
9txq_Stroop,9txq,Stroop,physio_only,0.8231522440910339,-0.9143906235694885,0.4536927342414856,0.15114723145961761,1,2,1,1,1,temporal,0,1
p9i3_Breathing,p9i3,Breathing,physio_only,0.2649419903755188,0.5566608905792236,-0.3499264121055603,-0.13419905304908752,0,0,1,0,1,temporal,0,1
p9i3_Math,p9i3,Math,physio_only,0.6528989672660828,-0.7665664553642273,0.9368231892585754,0.08200810104608536,1,1,1,1,1,temporal,0,1
p9i3_Reading,p9i3,Reading,physio_only,0.6674027442932129,-0.9733033180236816,0.18886232376098633,0.23923225700855255,0,0,1,1,1,temporal,0,1
p9i3_Relax,p9i3,Relax,physio_only,0.3812215328216553,0.41901278495788574,0.1669180542230606,-0.5305037498474121,0,0,1,0,1,temporal,0,1
p9i3_Speaking,p9i3,Speaking,physio_only,0.6085668206214905,-0.5225384831428528,0.4201620817184448,0.9902199506759644,1,1,1,1,1,temporal,0,1
p9i3_Stroop,p9i3,Stroop,physio_only,0.8268975615501404,-0.8585097789764404,0.56512850522995,0.2840270400047302,1,1,1,1,1,temporal,0,1
x1q3_Breathing,x1q3,Breathing,physio_only,0.23406283557415009,0.7517616748809814,-0.4250057339668274,-0.2738589942455292,0,0,1,0,1,temporal,0,1
x1q3_Math,x1q3,Math,physio_only,0.6595966815948486,-0.8181552290916443,0.9164578914642334,0.11225584149360657,1,0,1,1,1,temporal,0,1
x1q3_Reading,x1q3,Reading,physio_only,0.7062932848930359,-1.1473137140274048,0.2514837980270386,0.36221784353256226,1,2,1,1,1,temporal,0,1
x1q3_Relax,x1q3,Relax,physio_only,0.380912721157074,0.41803914308547974,0.16245503723621368,-0.5423485040664673,0,0,1,0,1,temporal,0,1
x1q3_Speaking,x1q3,Speaking,physio_only,0.5783873796463013,-0.4521592855453491,0.11836788058280945,0.7930189371109009,1,2,1,1,1,temporal,0,1
x1q3_Stroop,x1q3,Stroop,physio_only,0.8270562291145325,-0.8862742185592651,0.5432860851287842,0.25769147276878357,1,2,1,1,1,temporal,0,1
6g6y_Breathing,6g6y,Breathing,audio_only,0.24522070586681366,0.7874101996421814,-0.4694608151912689,-0.1329268366098404,0,0,1,0,1,temporal,0,1
6g6y_Math,6g6y,Math,audio_only,0.6397595405578613,-0.9440475702285767,1.0061997175216675,-0.019386855885386467,1,2,1,1,1,temporal,0,1
6g6y_Reading,6g6y,Reading,audio_only,0.6575841903686523,-0.9999378323554993,0.3003191649913788,0.4097380042076111,1,2,1,1,1,temporal,0,1
6g6y_Relax,6g6y,Relax,audio_only,0.3689063787460327,0.5599686503410339,0.06316900253295898,-0.6090161204338074,0,0,1,0,1,temporal,0,1
6g6y_Speaking,6g6y,Speaking,audio_only,0.5396263599395752,-0.4714468717575073,0.32213643193244934,1.025183081626892,1,2,1,1,1,temporal,0,1
6g6y_Stroop,6g6y,Stroop,audio_only,0.8279950022697449,-1.0480042695999146,0.694813072681427,0.22001275420188904,1,2,1,1,1,temporal,0,1
9txq_Breathing,9txq,Breathing,audio_only,0.24522070586681366,0.7874101996421814,-0.4694608151912689,-0.1329268366098404,0,0,1,0,1,temporal,0,1
9txq_Math,9txq,Math,audio_only,0.7160069942474365,-1.293352484703064,0.744346022605896,0.36210379004478455,1,2,1,1,1,temporal,0,1
9txq_Reading,9txq,Reading,audio_only,0.7305103540420532,-1.452943205833435,0.21391013264656067,0.5823688507080078,0,1,1,1,1,temporal,0,1
9txq_Relax,9txq,Relax,audio_only,0.3689063787460327,0.5599686503410339,0.06316900253295898,-0.6090161204338074,0,0,1,0,1,temporal,0,1
9txq_Speaking,9txq,Speaking,audio_only,0.6049969792366028,-0.8896371126174927,0.27001890540122986,1.1760162115097046,1,2,1,1,1,temporal,0,1
9txq_Stroop,9txq,Stroop,audio_only,0.8683478236198425,-1.4501521587371826,0.48915842175483704,0.6838771104812622,1,2,1,1,1,temporal,0,1
p9i3_Breathing,p9i3,Breathing,audio_only,0.24522070586681366,0.7874101996421814,-0.4694608151912689,-0.1329268366098404,0,0,1,0,1,temporal,0,1
p9i3_Math,p9i3,Math,audio_only,0.7197062373161316,-1.301005482673645,0.7352426648139954,0.40322422981262207,1,1,1,1,1,temporal,0,1
p9i3_Reading,p9i3,Reading,audio_only,0.7289751172065735,-1.3800729513168335,0.1854551136493683,0.518492579460144,0,0,1,1,1,temporal,0,1
p9i3_Relax,p9i3,Relax,audio_only,0.3689063787460327,0.5599686503410339,0.06316900253295898,-0.6090161204338074,0,0,1,0,1,temporal,0,1
p9i3_Speaking,p9i3,Speaking,audio_only,0.6274943351745605,-0.9151466488838196,0.26494503021240234,1.0870239734649658,1,1,1,1,1,temporal,0,1
p9i3_Stroop,p9i3,Stroop,audio_only,0.861467182636261,-1.438188076019287,0.4659065902233124,0.6739137172698975,1,1,1,1,1,temporal,0,1
x1q3_Breathing,x1q3,Breathing,audio_only,0.24522070586681366,0.7874101996421814,-0.4694608151912689,-0.1329268366098404,0,0,1,0,1,temporal,0,1
x1q3_Math,x1q3,Math,audio_only,0.7181854248046875,-1.316952109336853,0.7522285580635071,0.42113664746284485,1,0,1,1,1,temporal,0,1
x1q3_Reading,x1q3,Reading,audio_only,0.757103443145752,-1.5613527297973633,0.19520676136016846,0.5561129450798035,1,2,1,1,1,temporal,0,1
x1q3_Relax,x1q3,Relax,audio_only,0.3689063787460327,0.5599686503410339,0.06316900253295898,-0.6090161204338074,0,0,1,0,1,temporal,0,1
x1q3_Speaking,x1q3,Speaking,audio_only,0.663059651851654,-1.0378055572509766,0.2409248650074005,1.137808084487915,1,2,1,1,1,temporal,0,1
x1q3_Stroop,x1q3,Stroop,audio_only,0.863641619682312,-1.4495759010314941,0.46258828043937683,0.7274852991104126,1,2,1,1,1,temporal,0,1
6g6y_Breathing,6g6y,Breathing,video_only,0.26074162125587463,0.982258141040802,-0.7067490220069885,0.11739283800125122,0,0,1,0,1,temporal,0,1
6g6y_Math,6g6y,Math,video_only,0.6597262024879456,-0.3026704788208008,0.5006639957427979,0.24931670725345612,1,2,1,1,1,temporal,0,1
6g6y_Reading,6g6y,Reading,video_only,0.6956194043159485,-0.7565052509307861,-0.08805260062217712,0.6514105796813965,1,2,1,1,1,temporal,0,1
6g6y_Relax,6g6y,Relax,video_only,0.40621984004974365,0.6190771460533142,-0.2142159640789032,-0.29561084508895874,0,0,1,0,1,temporal,0,1
6g6y_Speaking,6g6y,Speaking,video_only,0.601917564868927,-0.14234691858291626,-0.0333247147500515,1.177564263343811,1,2,1,1,1,temporal,0,1
6g6y_Stroop,6g6y,Stroop,video_only,0.8079369068145752,-0.33516925573349,0.10317747294902802,0.5629048347473145,1,2,1,1,1,temporal,0,1
9txq_Breathing,9txq,Breathing,video_only,0.2511647939682007,0.9588882327079773,-0.6835756897926331,0.066645547747612,0,0,1,0,1,temporal,0,1
9txq_Math,9txq,Math,video_only,0.6608254313468933,-0.4582260251045227,0.5113828182220459,0.19738361239433289,1,2,1,1,1,temporal,0,1
9txq_Reading,9txq,Reading,video_only,0.694104790687561,-0.7515777945518494,-0.09090816974639893,0.6397892236709595,0,1,1,1,1,temporal,0,1
9txq_Relax,9txq,Relax,video_only,0.4049004018306732,0.5559762120246887,-0.2040814757347107,-0.317898690700531,0,0,1,0,1,temporal,0,1
9txq_Speaking,9txq,Speaking,video_only,0.5976622700691223,-0.0957106202840805,-0.04577052220702171,1.1648622751235962,1,2,1,1,1,temporal,0,1
9txq_Stroop,9txq,Stroop,video_only,0.8098154664039612,-0.3655399680137634,0.14575807750225067,0.563102126121521,1,2,1,1,1,temporal,0,1
p9i3_Breathing,p9i3,Breathing,video_only,0.2585144639015198,0.9282047152519226,-0.7078648805618286,0.09160418808460236,0,0,1,0,1,temporal,0,1
p9i3_Math,p9i3,Math,video_only,0.6478504538536072,-0.301169216632843,0.4559793174266815,0.1837574690580368,1,1,1,1,1,temporal,0,1
p9i3_Reading,p9i3,Reading,video_only,0.6842098236083984,-0.7248868346214294,-0.1575675904750824,0.5716457366943359,0,0,1,1,1,temporal,0,1
p9i3_Relax,p9i3,Relax,video_only,0.38816604018211365,0.5978521704673767,-0.2424851953983307,-0.31377774477005005,0,0,1,0,1,temporal,0,1
p9i3_Speaking,p9i3,Speaking,video_only,0.5921873450279236,-0.12345030158758163,-0.1125955879688263,1.1496007442474365,1,1,1,1,1,temporal,0,1
p9i3_Stroop,p9i3,Stroop,video_only,0.8009532690048218,-0.2997173070907593,0.083448126912117,0.5692717432975769,1,1,1,1,1,temporal,0,1
x1q3_Breathing,x1q3,Breathing,video_only,0.2608509957790375,0.8789318203926086,-0.6768677830696106,0.09146375209093094,0,0,1,0,1,temporal,0,1
x1q3_Math,x1q3,Math,video_only,0.6694446206092834,-0.45439672470092773,0.536351203918457,0.28216463327407837,1,0,1,1,1,temporal,0,1
x1q3_Reading,x1q3,Reading,video_only,0.6967023015022278,-0.7956250309944153,-0.061213549226522446,0.6627016067504883,1,2,1,1,1,temporal,0,1
x1q3_Relax,x1q3,Relax,video_only,0.42262503504753113,0.5153599381446838,-0.17071621119976044,-0.29101988673210144,0,0,1,0,1,temporal,0,1
x1q3_Speaking,x1q3,Speaking,video_only,0.6019162535667419,-0.23557862639427185,-0.01728048548102379,1.1747782230377197,1,2,1,1,1,temporal,0,1
x1q3_Stroop,x1q3,Stroop,video_only,0.8158755302429199,-0.4243351221084595,0.14535324275493622,0.6011180281639099,1,2,1,1,1,temporal,0,1
4woj_Breathing,4woj,Breathing,full,0.25342994928359985,1.0168275833129883,-0.7775534391403198,0.030425671488046646,0,0,1,0,1,temporal,0,2
4woj_Math,4woj,Math,full,0.844894528388977,-0.8987932801246643,0.5628417134284973,0.3962206244468689,0,0,1,1,1,temporal,0,2
4woj_Reading,4woj,Reading,full,0.572947084903717,-1.1036062240600586,0.1924361139535904,0.3423161506652832,1,2,1,1,1,temporal,0,2
4woj_Relax,4woj,Relax,full,0.24360693991184235,0.7850989699363708,-0.42688390612602234,-0.39391613006591797,0,0,1,0,1,temporal,0,2
4woj_Speaking,4woj,Speaking,full,0.6656855344772339,-0.6380146741867065,0.040781743824481964,1.0873295068740845,1,2,1,1,1,temporal,0,2
4woj_Stroop,4woj,Stroop,full,0.892662763595581,-1.207175612449646,0.29130661487579346,0.6747932434082031,0,0,1,1,1,temporal,0,2
9t6n_Breathing,9t6n,Breathing,full,0.23338888585567474,1.0865216255187988,-0.9296741485595703,-0.21584473550319672,0,1,1,0,1,temporal,0,2
9t6n_Math,9t6n,Math,full,0.801420271396637,-0.8402535319328308,0.6454989910125732,0.10750643908977509,1,2,1,1,1,temporal,0,2
9t6n_Reading,9t6n,Reading,full,0.5289965271949768,-0.9967202544212341,0.22789452970027924,0.21052946150302887,1,2,1,1,1,temporal,0,2
9t6n_Relax,9t6n,Relax,full,0.24065114557743073,0.7822269797325134,-0.5095337629318237,-0.5312061309814453,0,0,1,0,1,temporal,0,2
9t6n_Speaking,9t6n,Speaking,full,0.6117169857025146,-0.607549786567688,0.09632883220911026,0.9696109890937805,1,2,1,1,1,temporal,0,2
9t6n_Stroop,9t6n,Stroop,full,0.8694893717765808,-1.2434360980987549,0.3638421297073364,0.4211743474006653,1,2,1,1,1,temporal,0,2
m8g5_Breathing,m8g5,Breathing,full,0.27307698130607605,0.8890880942344666,-0.835462212562561,0.0029117874801158905,0,0,1,0,1,temporal,0,2
m8g5_Math,m8g5,Math,full,0.8389892578125,-0.8613887429237366,0.49423903226852417,0.3102688193321228,0,0,1,1,1,temporal,0,2
m8g5_Reading,m8g5,Reading,full,0.6015055775642395,-1.2627216577529907,0.1745055466890335,0.5217080116271973,1,2,1,1,1,temporal,0,2
m8g5_Relax,m8g5,Relax,full,0.23826691508293152,0.7917184233665466,-0.48812997341156006,-0.4256458580493927,0,0,1,0,1,temporal,0,2
m8g5_Speaking,m8g5,Speaking,full,0.655805230140686,-0.7879999279975891,9.248033165931702e-06,1.230903148651123,0,1,1,1,1,temporal,0,2
m8g5_Stroop,m8g5,Stroop,full,0.8946972489356995,-1.295279622077942,0.320170134305954,0.7507781982421875,1,2,1,1,1,temporal,0,2
w2t5_Breathing,w2t5,Breathing,full,0.238317608833313,1.0493699312210083,-0.8105431199073792,0.0013800933957099915,0,0,1,0,1,temporal,0,2
w2t5_Math,w2t5,Math,full,0.8342323303222656,-0.8549478054046631,0.5638856887817383,0.4706425368785858,1,2,1,1,1,temporal,0,2
w2t5_Reading,w2t5,Reading,full,0.6044014692306519,-1.2589408159255981,0.24397577345371246,0.4919111728668213,1,2,1,1,1,temporal,0,2
w2t5_Relax,w2t5,Relax,full,0.24205690622329712,0.7553198337554932,-0.42305228114128113,-0.3860824406147003,1,1,1,0,1,temporal,0,2
w2t5_Speaking,w2t5,Speaking,full,0.6699788570404053,-0.723325252532959,0.032221294939517975,1.239377737045288,1,2,1,1,1,temporal,0,2
w2t5_Stroop,w2t5,Stroop,full,0.8945066332817078,-1.2952539920806885,0.2978925406932831,0.7878043055534363,0,1,1,1,1,temporal,0,2
4woj_Breathing,4woj,Breathing,no_physio,0.23297739028930664,1.1722410917282104,-0.8275443911552429,0.18714113533496857,0,0,1,0,1,temporal,0,2
4woj_Math,4woj,Math,no_physio,0.836904764175415,-0.8002377152442932,0.5558499097824097,0.39671340584754944,0,0,1,1,1,temporal,0,2
4woj_Reading,4woj,Reading,no_physio,0.5276938676834106,-0.9681373834609985,0.16021032631397247,0.31855878233909607,1,2,1,1,1,temporal,0,2
4woj_Relax,4woj,Relax,no_physio,0.22067734599113464,0.971845805644989,-0.509284257888794,-0.32187965512275696,0,0,1,0,1,temporal,0,2
4woj_Speaking,4woj,Speaking,no_physio,0.6429301500320435,-0.5816174149513245,-0.021570226177573204,1.1314879655838013,1,2,1,1,1,temporal,0,2
4woj_Stroop,4woj,Stroop,no_physio,0.8828310966491699,-1.112559199333191,0.21884189546108246,0.6996954083442688,0,0,1,1,1,temporal,0,2
9t6n_Breathing,9t6n,Breathing,no_physio,0.2234964370727539,1.173569679260254,-0.9253140091896057,-0.11581206321716309,0,1,1,0,1,temporal,0,2
9t6n_Math,9t6n,Math,no_physio,0.7882731556892395,-0.6977229714393616,0.7887188196182251,0.12378774583339691,1,2,1,1,1,temporal,0,2
9t6n_Reading,9t6n,Reading,no_physio,0.4885217845439911,-0.8165718913078308,0.33368465304374695,0.2584501802921295,1,2,1,1,1,temporal,0,2
9t6n_Relax,9t6n,Relax,no_physio,0.22733063995838165,0.9433254599571228,-0.5278494358062744,-0.5126675367355347,0,0,1,0,1,temporal,0,2
9t6n_Speaking,9t6n,Speaking,no_physio,0.580715537071228,-0.49241799116134644,0.18429513275623322,1.063140869140625,1,2,1,1,1,temporal,0,2
9t6n_Stroop,9t6n,Stroop,no_physio,0.8639169931411743,-1.1357245445251465,0.5380950570106506,0.48764482140541077,1,2,1,1,1,temporal,0,2
m8g5_Breathing,m8g5,Breathing,no_physio,0.22233667969703674,1.1543676853179932,-0.9011828303337097,0.0780436247587204,0,0,1,0,1,temporal,0,2
m8g5_Math,m8g5,Math,no_physio,0.8337327837944031,-0.8311464190483093,0.5222575664520264,0.33733782172203064,0,0,1,1,1,temporal,0,2
m8g5_Reading,m8g5,Reading,no_physio,0.5771281123161316,-1.2151867151260376,0.17521129548549652,0.5368960499763489,1,2,1,1,1,temporal,0,2
m8g5_Relax,m8g5,Relax,no_physio,0.22252075374126434,0.9211533665657043,-0.5520890355110168,-0.38147494196891785,0,0,1,0,1,temporal,0,2
m8g5_Speaking,m8g5,Speaking,no_physio,0.6596863865852356,-0.8310998678207397,-0.04454628378152847,1.32929265499115,0,1,1,1,1,temporal,0,2
m8g5_Stroop,m8g5,Stroop,no_physio,0.8933042883872986,-1.2761608362197876,0.2729961574077606,0.8252918720245361,1,2,1,1,1,temporal,0,2
w2t5_Breathing,w2t5,Breathing,no_physio,0.22167673707008362,1.2205748558044434,-0.8313965797424316,0.15763559937477112,0,0,1,0,1,temporal,0,2
w2t5_Math,w2t5,Math,no_physio,0.8424646258354187,-0.8145169615745544,0.5726567506790161,0.5176114439964294,1,2,1,1,1,temporal,0,2
w2t5_Reading,w2t5,Reading,no_physio,0.559317409992218,-1.058139681816101,0.2188936322927475,0.5003195405006409,1,2,1,1,1,temporal,0,2
w2t5_Relax,w2t5,Relax,no_physio,0.21991001069545746,0.9818447232246399,-0.5011608600616455,-0.358359158039093,1,1,1,0,1,temporal,0,2
w2t5_Speaking,w2t5,Speaking,no_physio,0.6646608710289001,-0.7109789252281189,0.030995989218354225,1.3107577562332153,1,2,1,1,1,temporal,0,2
w2t5_Stroop,w2t5,Stroop,no_physio,0.8888747692108154,-1.2541146278381348,0.2540300488471985,0.8603869676589966,0,1,1,1,1,temporal,0,2
4woj_Breathing,4woj,Breathing,no_audio,0.25342994928359985,1.0168275833129883,-0.7775534391403198,0.030425671488046646,0,0,1,0,1,temporal,0,2
4woj_Math,4woj,Math,no_audio,0.8081431984901428,-0.5388230681419373,0.5538461804389954,0.08507485687732697,0,0,1,1,1,temporal,0,2
4woj_Reading,4woj,Reading,no_audio,0.5163949131965637,-0.8537012934684753,0.1861974447965622,0.2850719690322876,1,2,1,1,1,temporal,0,2
4woj_Relax,4woj,Relax,no_audio,0.24360693991184235,0.7850989699363708,-0.42688390612602234,-0.39391613006591797,0,0,1,0,1,temporal,0,2
4woj_Speaking,4woj,Speaking,no_audio,0.6086103916168213,-0.3665502369403839,-0.009340977296233177,0.9821727871894836,1,2,1,1,1,temporal,0,2
4woj_Stroop,4woj,Stroop,no_audio,0.8734717965126038,-0.9224423766136169,0.23152051866054535,0.4495975375175476,0,0,1,1,1,temporal,0,2
9t6n_Breathing,9t6n,Breathing,no_audio,0.23338888585567474,1.0865216255187988,-0.9296741485595703,-0.21584473550319672,0,1,1,0,1,temporal,0,2
9t6n_Math,9t6n,Math,no_audio,0.7619946002960205,-0.40416866540908813,0.4143061935901642,-0.0718429833650589,1,2,1,1,1,temporal,0,2
9t6n_Reading,9t6n,Reading,no_audio,0.4847038686275482,-0.789473295211792,0.052592940628528595,0.20171236991882324,1,2,1,1,1,temporal,0,2
9t6n_Relax,9t6n,Relax,no_audio,0.24065114557743073,0.7822269797325134,-0.5095337629318237,-0.5312061309814453,0,0,1,0,1,temporal,0,2
9t6n_Speaking,9t6n,Speaking,no_audio,0.5706636309623718,-0.33909401297569275,-0.14421086013317108,0.9258986115455627,1,2,1,1,1,temporal,0,2
9t6n_Stroop,9t6n,Stroop,no_audio,0.8456830382347107,-0.8636783361434937,0.07165225595235825,0.2933259904384613,1,2,1,1,1,temporal,0,2
m8g5_Breathing,m8g5,Breathing,no_audio,0.27307698130607605,0.8890880942344666,-0.835462212562561,0.0029117874801158905,0,0,1,0,1,temporal,0,2
m8g5_Math,m8g5,Math,no_audio,0.8125985860824585,-0.5950045585632324,0.5378610491752625,0.11883901059627533,0,0,1,1,1,temporal,0,2
m8g5_Reading,m8g5,Reading,no_audio,0.5092582106590271,-0.8348490595817566,0.10198725014925003,0.29055896401405334,1,2,1,1,1,temporal,0,2
m8g5_Relax,m8g5,Relax,no_audio,0.23826691508293152,0.7917184233665466,-0.48812997341156006,-0.4256458580493927,0,0,1,0,1,temporal,0,2
m8g5_Speaking,m8g5,Speaking,no_audio,0.5778846144676208,-0.32138514518737793,-0.1260550320148468,0.9752018451690674,0,1,1,1,1,temporal,0,2
m8g5_Stroop,m8g5,Stroop,no_audio,0.860663115978241,-0.9045424461364746,0.17425636947155,0.41903138160705566,1,2,1,1,1,temporal,0,2
w2t5_Breathing,w2t5,Breathing,no_audio,0.238317608833313,1.0493699312210083,-0.8105431199073792,0.0013800933957099915,0,0,1,0,1,temporal,0,2
w2t5_Math,w2t5,Math,no_audio,0.7728897333145142,-0.4281933605670929,0.5262060165405273,0.00815623626112938,1,2,1,1,1,temporal,0,2
w2t5_Reading,w2t5,Reading,no_audio,0.5203962922096252,-0.9532443284988403,0.1882384568452835,0.3309304714202881,1,2,1,1,1,temporal,0,2
w2t5_Relax,w2t5,Relax,no_audio,0.24205690622329712,0.7553198337554932,-0.42305228114128113,-0.3860824406147003,1,1,1,0,1,temporal,0,2
w2t5_Speaking,w2t5,Speaking,no_audio,0.5855098366737366,-0.35723960399627686,-0.037269555032253265,1.0459431409835815,1,2,1,1,1,temporal,0,2
w2t5_Stroop,w2t5,Stroop,no_audio,0.8620357513427734,-0.9058732390403748,0.16973768174648285,0.4364989995956421,0,1,1,1,1,temporal,0,2
4woj_Breathing,4woj,Breathing,no_video,0.23843058943748474,0.8678593039512634,-0.6784997582435608,-0.09796486794948578,0,0,1,0,1,temporal,0,2
4woj_Math,4woj,Math,no_video,0.8382718563079834,-1.0191985368728638,0.5263632535934448,0.36707669496536255,0,0,1,1,1,temporal,0,2
4woj_Reading,4woj,Reading,no_video,0.5999928712844849,-1.320043921470642,0.2845037281513214,0.266986608505249,1,2,1,1,1,temporal,0,2
4woj_Relax,4woj,Relax,no_video,0.21326783299446106,0.7434784770011902,-0.36281996965408325,-0.5617249608039856,0,0,1,0,1,temporal,0,2
4woj_Speaking,4woj,Speaking,no_video,0.6893436908721924,-0.915785014629364,0.19419212639331818,1.0839921236038208,1,2,1,1,1,temporal,0,2
4woj_Stroop,4woj,Stroop,no_video,0.8988731503486633,-1.473374605178833,0.43764886260032654,0.6362521648406982,0,0,1,1,1,temporal,0,2
9t6n_Breathing,9t6n,Breathing,no_video,0.23168152570724487,0.9059595465660095,-0.7530806660652161,-0.16483533382415771,0,1,1,0,1,temporal,0,2
9t6n_Math,9t6n,Math,no_video,0.8239917159080505,-1.0614885091781616,0.8360591530799866,0.14756716787815094,1,2,1,1,1,temporal,0,2
9t6n_Reading,9t6n,Reading,no_video,0.5626508593559265,-1.2305933237075806,0.4287565052509308,0.2107345312833786,1,2,1,1,1,temporal,0,2
9t6n_Relax,9t6n,Relax,no_video,0.2180890291929245,0.6861911416053772,-0.3456536829471588,-0.5410416722297668,0,0,1,0,1,temporal,0,2
9t6n_Speaking,9t6n,Speaking,no_video,0.6374834775924683,-0.844379186630249,0.29778218269348145,0.942200243473053,1,2,1,1,1,temporal,0,2
9t6n_Stroop,9t6n,Stroop,no_video,0.8867614269256592,-1.5019702911376953,0.5665185451507568,0.40964677929878235,1,2,1,1,1,temporal,0,2
m8g5_Breathing,m8g5,Breathing,no_video,0.27135780453681946,0.728728711605072,-0.6652316451072693,-0.06255687773227692,0,0,1,0,1,temporal,0,2
m8g5_Math,m8g5,Math,no_video,0.8305667638778687,-0.9681484699249268,0.5097303986549377,0.2606884241104126,0,0,1,1,1,temporal,0,2
m8g5_Reading,m8g5,Reading,no_video,0.6187865138053894,-1.4212689399719238,0.2156178504228592,0.40949776768684387,1,2,1,1,1,temporal,0,2
m8g5_Relax,m8g5,Relax,no_video,0.20764563977718353,0.7508869767189026,-0.3752938508987427,-0.5694719552993774,0,0,1,0,1,temporal,0,2
m8g5_Speaking,m8g5,Speaking,no_video,0.675236701965332,-1.0213669538497925,0.14081710577011108,1.1238163709640503,0,1,1,1,1,temporal,0,2
m8g5_Stroop,m8g5,Stroop,no_video,0.8987345695495605,-1.537883996963501,0.38199880719184875,0.6475549340248108,1,2,1,1,1,temporal,0,2
w2t5_Breathing,w2t5,Breathing,no_video,0.23960600793361664,0.8526439666748047,-0.7012975811958313,-0.1148400753736496,0,0,1,0,1,temporal,0,2
w2t5_Math,w2t5,Math,no_video,0.8283484578132629,-0.9665648937225342,0.519782543182373,0.36368879675865173,1,2,1,1,1,temporal,0,2
w2t5_Reading,w2t5,Reading,no_video,0.6184186935424805,-1.4214563369750977,0.28026512265205383,0.3934246897697449,1,2,1,1,1,temporal,0,2
w2t5_Relax,w2t5,Relax,no_video,0.22090929746627808,0.6869524121284485,-0.34629034996032715,-0.5314381122589111,1,1,1,0,1,temporal,0,2
w2t5_Speaking,w2t5,Speaking,no_video,0.6917160153388977,-0.9579582810401917,0.12305257469415665,1.113808274269104,1,2,1,1,1,temporal,0,2
w2t5_Stroop,w2t5,Stroop,no_video,0.897301197052002,-1.5160424709320068,0.3938438296318054,0.6819987297058105,0,1,1,1,1,temporal,0,2
4woj_Breathing,4woj,Breathing,physio_only,0.23843058943748474,0.8678593039512634,-0.6784997582435608,-0.09796486794948578,0,0,1,0,1,temporal,0,2
4woj_Math,4woj,Math,physio_only,0.789905309677124,-0.6635377407073975,0.6699720025062561,0.055488236248493195,0,0,1,1,1,temporal,0,2
4woj_Reading,4woj,Reading,physio_only,0.5167499780654907,-1.0526537895202637,0.3178028464317322,0.11131785809993744,1,2,1,1,1,temporal,0,2
4woj_Relax,4woj,Relax,physio_only,0.21326783299446106,0.7434784770011902,-0.36281996965408325,-0.5617249608039856,0,0,1,0,1,temporal,0,2
4woj_Speaking,4woj,Speaking,physio_only,0.6263093948364258,-0.5984005928039551,0.21852588653564453,0.966712474822998,1,2,1,1,1,temporal,0,2
4woj_Stroop,4woj,Stroop,physio_only,0.8825405836105347,-1.179018497467041,0.45430582761764526,0.342839777469635,0,0,1,1,1,temporal,0,2
9t6n_Breathing,9t6n,Breathing,physio_only,0.23168152570724487,0.9059595465660095,-0.7530806660652161,-0.16483533382415771,0,1,1,0,1,temporal,0,2
9t6n_Math,9t6n,Math,physio_only,0.7668625116348267,-0.5593624114990234,0.6261593103408813,-0.058871325105428696,1,2,1,1,1,temporal,0,2
9t6n_Reading,9t6n,Reading,physio_only,0.5021495223045349,-1.022134780883789,0.30719998478889465,0.09919115900993347,1,2,1,1,1,temporal,0,2
9t6n_Relax,9t6n,Relax,physio_only,0.2180890291929245,0.6861911416053772,-0.3456536829471588,-0.5410416722297668,0,0,1,0,1,temporal,0,2
9t6n_Speaking,9t6n,Speaking,physio_only,0.5847373604774475,-0.5235234498977661,0.10844869166612625,0.8640744686126709,1,2,1,1,1,temporal,0,2
9t6n_Stroop,9t6n,Stroop,physio_only,0.8673953413963318,-1.1557759046554565,0.36989039182662964,0.21768367290496826,1,2,1,1,1,temporal,0,2
m8g5_Breathing,m8g5,Breathing,physio_only,0.27135780453681946,0.728728711605072,-0.6652316451072693,-0.06255687773227692,0,0,1,0,1,temporal,0,2
m8g5_Math,m8g5,Math,physio_only,0.7801170945167542,-0.6458740234375,0.6463260054588318,0.0066609978675842285,0,0,1,1,1,temporal,0,2
m8g5_Reading,m8g5,Reading,physio_only,0.5018803477287292,-1.0259199142456055,0.29573342204093933,0.11083677411079407,1,2,1,1,1,temporal,0,2
m8g5_Relax,m8g5,Relax,physio_only,0.20764563977718353,0.7508869767189026,-0.3752938508987427,-0.5694719552993774,0,0,1,0,1,temporal,0,2
m8g5_Speaking,m8g5,Speaking,physio_only,0.5843682885169983,-0.5185755491256714,0.09280318766832352,0.8512176275253296,0,1,1,1,1,temporal,0,2
m8g5_Stroop,m8g5,Stroop,physio_only,0.870795488357544,-1.1698341369628906,0.37566837668418884,0.23181097209453583,1,2,1,1,1,temporal,0,2
w2t5_Breathing,w2t5,Breathing,physio_only,0.23960600793361664,0.8526439666748047,-0.7012975811958313,-0.1148400753736496,0,0,1,0,1,temporal,0,2
w2t5_Math,w2t5,Math,physio_only,0.7468374967575073,-0.5080251693725586,0.5816199779510498,-0.10530909895896912,1,2,1,1,1,temporal,0,2
w2t5_Reading,w2t5,Reading,physio_only,0.5030002593994141,-1.0653620958328247,0.2623824179172516,0.11491838097572327,1,2,1,1,1,temporal,0,2
w2t5_Relax,w2t5,Relax,physio_only,0.22090929746627808,0.6869524121284485,-0.34629034996032715,-0.5314381122589111,1,1,1,0,1,temporal,0,2
w2t5_Speaking,w2t5,Speaking,physio_only,0.589285135269165,-0.5543505549430847,0.10475096851587296,0.8499029278755188,1,2,1,1,1,temporal,0,2
w2t5_Stroop,w2t5,Stroop,physio_only,0.8714448809623718,-1.1829805374145508,0.38827240467071533,0.22362276911735535,0,1,1,1,1,temporal,0,2
4woj_Breathing,4woj,Breathing,audio_only,0.21258646249771118,1.0608283281326294,-0.7409772276878357,-0.04993952438235283,0,0,1,0,1,temporal,0,2
4woj_Math,4woj,Math,audio_only,0.8327788710594177,-1.0081299543380737,0.5015215873718262,0.2980068624019623,0,0,1,1,1,temporal,0,2
4woj_Reading,4woj,Reading,audio_only,0.5399088263511658,-1.2661120891571045,0.25192180275917053,0.1601705700159073,1,2,1,1,1,temporal,0,2
4woj_Relax,4woj,Relax,audio_only,0.17596077919006348,1.0012956857681274,-0.38838157057762146,-0.6350111365318298,0,0,1,0,1,temporal,0,2
4woj_Speaking,4woj,Speaking,audio_only,0.6584251523017883,-0.9676859378814697,0.06683453172445297,0.9784827828407288,1,2,1,1,1,temporal,0,2
4woj_Stroop,4woj,Stroop,audio_only,0.8874713182449341,-1.5019171237945557,0.34174680709838867,0.5358397364616394,0,0,1,1,1,temporal,0,2
9t6n_Breathing,9t6n,Breathing,audio_only,0.21258646249771118,1.0608283281326294,-0.7409772276878357,-0.04993952438235283,0,1,1,0,1,temporal,0,2
9t6n_Math,9t6n,Math,audio_only,0.8042834997177124,-0.9592089056968689,0.8793220520019531,0.025826603174209595,1,2,1,1,1,temporal,0,2
9t6n_Reading,9t6n,Reading,audio_only,0.49289199709892273,-1.0503126382827759,0.4267360270023346,0.12464264035224915,1,2,1,1,1,temporal,0,2
9t6n_Relax,9t6n,Relax,audio_only,0.17596077919006348,1.0012956857681274,-0.38838157057762146,-0.6350111365318298,0,0,1,0,1,temporal,0,2
9t6n_Speaking,9t6n,Speaking,audio_only,0.5903509259223938,-0.7737955451011658,0.29364195466041565,0.921230673789978,1,2,1,1,1,temporal,0,2
9t6n_Stroop,9t6n,Stroop,audio_only,0.869899570941925,-1.4548795223236084,0.5819441676139832,0.35823333263397217,1,2,1,1,1,temporal,0,2
m8g5_Breathing,m8g5,Breathing,audio_only,0.21258646249771118,1.0608283281326294,-0.7409772276878357,-0.04993952438235283,0,0,1,0,1,temporal,0,2
m8g5_Math,m8g5,Math,audio_only,0.8176620006561279,-0.9381722807884216,0.4877471923828125,0.1348564326763153,0,0,1,1,1,temporal,0,2
m8g5_Reading,m8g5,Reading,audio_only,0.5981585383415222,-1.431655764579773,0.15096335113048553,0.3674217760562897,1,2,1,1,1,temporal,0,2
m8g5_Relax,m8g5,Relax,audio_only,0.17596077919006348,1.0012956857681274,-0.38838157057762146,-0.6350111365318298,0,0,1,0,1,temporal,0,2
m8g5_Speaking,m8g5,Speaking,audio_only,0.6788435578346252,-1.096903920173645,-0.016198521479964256,1.1785008907318115,0,1,1,1,1,temporal,0,2
m8g5_Stroop,m8g5,Stroop,audio_only,0.8926802277565002,-1.5891436338424683,0.2139112502336502,0.6304603219032288,1,2,1,1,1,temporal,0,2
w2t5_Breathing,w2t5,Breathing,audio_only,0.21258646249771118,1.0608283281326294,-0.7409772276878357,-0.04993952438235283,0,0,1,0,1,temporal,0,2
w2t5_Math,w2t5,Math,audio_only,0.8362962007522583,-1.0242551565170288,0.4756374955177307,0.35161149501800537,1,2,1,1,1,temporal,0,2
w2t5_Reading,w2t5,Reading,audio_only,0.5694634914398193,-1.3106410503387451,0.26009151339530945,0.30596238374710083,1,2,1,1,1,temporal,0,2
w2t5_Relax,w2t5,Relax,audio_only,0.17596077919006348,1.0012956857681274,-0.38838157057762146,-0.6350111365318298,1,1,1,0,1,temporal,0,2
w2t5_Speaking,w2t5,Speaking,audio_only,0.6827502846717834,-1.0133817195892334,0.06838016957044601,1.0874009132385254,1,2,1,1,1,temporal,0,2
w2t5_Stroop,w2t5,Stroop,audio_only,0.8929348587989807,-1.5613988637924194,0.26441797614097595,0.6520151495933533,0,1,1,1,1,temporal,0,2
4woj_Breathing,4woj,Breathing,video_only,0.23297739028930664,1.1722410917282104,-0.8275443911552429,0.18714113533496857,0,0,1,0,1,temporal,0,2
4woj_Math,4woj,Math,video_only,0.7403972744941711,0.026885144412517548,0.45429837703704834,0.03992796316742897,0,0,1,1,1,temporal,0,2
4woj_Reading,4woj,Reading,video_only,0.4297175705432892,-0.4282877743244171,-0.053056500852108,0.2871108651161194,1,2,1,1,1,temporal,0,2
4woj_Relax,4woj,Relax,video_only,0.22067734599113464,0.971845805644989,-0.509284257888794,-0.32187965512275696,0,0,1,0,1,temporal,0,2
4woj_Speaking,4woj,Speaking,video_only,0.5236611366271973,-0.008610397577285767,-0.19899848103523254,1.0491985082626343,1,2,1,1,1,temporal,0,2
4woj_Stroop,4woj,Stroop,video_only,0.8267884254455566,-0.4234221875667572,0.09632750600576401,0.5168715119361877,0,0,1,1,1,temporal,0,2
9t6n_Breathing,9t6n,Breathing,video_only,0.2234964370727539,1.173569679260254,-0.9253140091896057,-0.11581206321716309,0,1,1,0,1,temporal,0,2
9t6n_Math,9t6n,Math,video_only,0.7256625890731812,-0.04301776736974716,0.3932564854621887,-0.03852194920182228,1,2,1,1,1,temporal,0,2
9t6n_Reading,9t6n,Reading,video_only,0.4058615565299988,-0.47169145941734314,-0.0828280970454216,0.2554694712162018,1,2,1,1,1,temporal,0,2
9t6n_Relax,9t6n,Relax,video_only,0.22733063995838165,0.9433254599571228,-0.5278494358062744,-0.5126675367355347,0,0,1,0,1,temporal,0,2
9t6n_Speaking,9t6n,Speaking,video_only,0.5138313174247742,-0.09642909467220306,-0.26438671350479126,1.0416747331619263,1,2,1,1,1,temporal,0,2
9t6n_Stroop,9t6n,Stroop,video_only,0.8139871954917908,-0.47693610191345215,0.010761627927422523,0.393427312374115,1,2,1,1,1,temporal,0,2
m8g5_Breathing,m8g5,Breathing,video_only,0.22233667969703674,1.1543676853179932,-0.9011828303337097,0.0780436247587204,0,0,1,0,1,temporal,0,2
m8g5_Math,m8g5,Math,video_only,0.7605491280555725,-0.15969115495681763,0.44486144185066223,0.11189599335193634,0,0,1,1,1,temporal,0,2
m8g5_Reading,m8g5,Reading,video_only,0.4073285460472107,-0.4293648898601532,-0.09100880473852158,0.3240297734737396,1,2,1,1,1,temporal,0,2
m8g5_Relax,m8g5,Relax,video_only,0.22252075374126434,0.9211533665657043,-0.5520890355110168,-0.38147494196891785,0,0,1,0,1,temporal,0,2
m8g5_Speaking,m8g5,Speaking,video_only,0.5182186365127563,-0.08063865453004837,-0.2683618664741516,1.1084293127059937,0,1,1,1,1,temporal,0,2
m8g5_Stroop,m8g5,Stroop,video_only,0.8240374326705933,-0.45717376470565796,0.11443663388490677,0.5447420477867126,1,2,1,1,1,temporal,0,2
w2t5_Breathing,w2t5,Breathing,video_only,0.22167673707008362,1.2205748558044434,-0.8313965797424316,0.15763559937477112,0,0,1,0,1,temporal,0,2
w2t5_Math,w2t5,Math,video_only,0.7427582144737244,0.01954067498445511,0.4551914632320404,0.08302704989910126,1,2,1,1,1,temporal,0,2
w2t5_Reading,w2t5,Reading,video_only,0.41919493675231934,-0.42941731214523315,-0.0708276554942131,0.3243265748023987,1,2,1,1,1,temporal,0,2
w2t5_Relax,w2t5,Relax,video_only,0.21991001069545746,0.9818447232246399,-0.5011608600616455,-0.358359158039093,1,1,1,0,1,temporal,0,2
w2t5_Speaking,w2t5,Speaking,video_only,0.5180118680000305,-0.02570563554763794,-0.21773943305015564,1.1452922821044922,1,2,1,1,1,temporal,0,2
w2t5_Stroop,w2t5,Stroop,video_only,0.8213834166526794,-0.4158264696598053,0.1016680970788002,0.5553176403045654,0,1,1,1,1,temporal,0,2
2hpu_Breathing,2hpu,Breathing,full,0.06604713946580887,2.083996295928955,-0.244553804397583,-1.0411572456359863,0,0,1,0,1,temporal,0,3
2hpu_Math,2hpu,Math,full,0.7415961623191833,-0.2879018485546112,0.2747228443622589,0.5265311002731323,0,1,1,1,1,temporal,0,3
2hpu_Reading,2hpu,Reading,full,0.5849046111106873,-0.8376172780990601,0.25694915652275085,0.7696006894111633,0,0,1,1,1,temporal,0,3
2hpu_Relax,2hpu,Relax,full,0.18160679936408997,1.253326177597046,0.02837385982275009,-0.845350980758667,0,0,1,0,1,temporal,0,3
2hpu_Speaking,2hpu,Speaking,full,0.5892946124076843,-0.4037444591522217,0.5220484733581543,0.958507776260376,1,2,1,1,1,temporal,0,3
2hpu_Stroop,2hpu,Stroop,full,0.8702134490013123,-1.187125325202942,0.9247131943702698,0.9889994263648987,1,2,1,1,1,temporal,0,3
8g4y_Breathing,8g4y,Breathing,full,0.0783265084028244,1.7539979219436646,-0.26824697852134705,-0.9383967518806458,0,0,1,0,1,temporal,0,3
8g4y_Math,8g4y,Math,full,0.7352803349494934,-0.5209881067276001,0.4444732069969177,0.5915880799293518,1,1,1,1,1,temporal,0,3
8g4y_Reading,8g4y,Reading,full,0.5687068104743958,-1.2711843252182007,0.18391373753547668,0.871829092502594,1,1,1,1,1,temporal,0,3
8g4y_Relax,8g4y,Relax,full,0.25425320863723755,0.8662389516830444,0.03366652876138687,-0.6398324370384216,0,0,1,0,1,temporal,0,3
8g4y_Speaking,8g4y,Speaking,full,0.5502309203147888,-0.6813420057296753,0.5219981670379639,1.1128267049789429,1,2,1,1,1,temporal,0,3
8g4y_Stroop,8g4y,Stroop,full,0.8337443470954895,-1.3830130100250244,0.7001516819000244,1.0292900800704956,1,1,1,1,1,temporal,0,3
kkf5_Breathing,kkf5,Breathing,full,0.060471512377262115,2.1018919944763184,-0.19130560755729675,-1.1042495965957642,0,0,1,0,1,temporal,0,3
kkf5_Math,kkf5,Math,full,0.7987175583839417,-0.5218824148178101,0.5353891253471375,0.5593832731246948,1,2,1,1,1,temporal,0,3
kkf5_Reading,kkf5,Reading,full,0.5369678139686584,-0.6563812494277954,0.3040579855442047,0.5905686020851135,1,2,1,1,1,temporal,0,3
kkf5_Relax,kkf5,Relax,full,0.23804228007793427,1.0307483673095703,0.10860937088727951,-0.784035861492157,0,0,1,0,1,temporal,0,3
kkf5_Speaking,kkf5,Speaking,full,0.6140621900558472,-0.4656325876712799,0.6141586303710938,0.8871791958808899,1,2,1,1,1,temporal,0,3
kkf5_Stroop,kkf5,Stroop,full,0.8752892017364502,-1.147818922996521,0.8531560301780701,1.0205143690109253,1,2,1,1,1,temporal,0,3
v8mh_Breathing,v8mh,Breathing,full,0.05196119472384453,2.145498275756836,-0.25442641973495483,-1.2562892436981201,0,0,1,0,1,temporal,0,3
v8mh_Math,v8mh,Math,full,0.7395573854446411,-0.09378375858068466,0.33644264936447144,0.1945691853761673,1,1,1,1,1,temporal,0,3
v8mh_Reading,v8mh,Reading,full,0.4855514466762543,-0.4357347786426544,0.19713199138641357,0.39136919379234314,1,2,1,1,1,temporal,0,3
v8mh_Relax,v8mh,Relax,full,0.16084672510623932,1.4311331510543823,-0.04467201977968216,-1.0532450675964355,0,0,1,0,1,temporal,0,3
v8mh_Speaking,v8mh,Speaking,full,0.48914864659309387,0.0357748344540596,0.4248124957084656,0.649232029914856,0,1,1,1,1,temporal,0,3
v8mh_Stroop,v8mh,Stroop,full,0.8636698126792908,-0.9278721809387207,0.8802711963653564,0.7380035519599915,1,2,1,1,1,temporal,0,3
2hpu_Breathing,2hpu,Breathing,no_physio,0.07575641572475433,2.136582374572754,-0.17592868208885193,-1.0378541946411133,0,0,1,0,1,temporal,0,3
2hpu_Math,2hpu,Math,no_physio,0.6869895458221436,0.23499920964241028,0.17863517999649048,0.34385019540786743,0,1,1,1,1,temporal,0,3
2hpu_Reading,2hpu,Reading,no_physio,0.48589420318603516,-0.32363051176071167,0.06428524106740952,0.520469069480896,0,0,1,1,1,temporal,0,3
2hpu_Relax,2hpu,Relax,no_physio,0.19588124752044678,1.3615810871124268,-0.046526677906513214,-0.7790575623512268,0,0,1,0,1,temporal,0,3
2hpu_Speaking,2hpu,Speaking,no_physio,0.49701645970344543,0.04732125997543335,0.40441426634788513,0.7844809889793396,1,2,1,1,1,temporal,0,3
2hpu_Stroop,2hpu,Stroop,no_physio,0.8530893325805664,-0.8396875858306885,0.8706768751144409,0.8740575909614563,1,2,1,1,1,temporal,0,3
8g4y_Breathing,8g4y,Breathing,no_physio,0.06829868257045746,2.0932345390319824,-0.32174113392829895,-1.081712245941162,0,0,1,0,1,temporal,0,3
8g4y_Math,8g4y,Math,no_physio,0.8552188277244568,-0.9844201803207397,0.6367657780647278,0.7337172627449036,1,1,1,1,1,temporal,0,3
8g4y_Reading,8g4y,Reading,no_physio,0.5984578728675842,-1.2050336599349976,0.19792762398719788,0.5440232753753662,1,1,1,1,1,temporal,0,3
8g4y_Relax,8g4y,Relax,no_physio,0.18899530172348022,1.2805404663085938,-0.16505828499794006,-0.766283392906189,0,0,1,0,1,temporal,0,3
8g4y_Speaking,8g4y,Speaking,no_physio,0.6820060014724731,-1.0295988321304321,0.6278361082077026,1.1012905836105347,1,2,1,1,1,temporal,0,3
8g4y_Stroop,8g4y,Stroop,no_physio,0.9167540073394775,-1.8492196798324585,0.8047149181365967,1.0390287637710571,1,1,1,1,1,temporal,0,3
kkf5_Breathing,kkf5,Breathing,no_physio,0.07618223130702972,2.1480164527893066,-0.15797221660614014,-1.026431679725647,0,0,1,0,1,temporal,0,3
kkf5_Math,kkf5,Math,no_physio,0.7279502749443054,-0.04164104163646698,0.4537428617477417,0.3149946630001068,1,2,1,1,1,temporal,0,3
kkf5_Reading,kkf5,Reading,no_physio,0.42053869366645813,-0.18436461687088013,0.08519618958234787,0.4053329527378082,1,2,1,1,1,temporal,0,3
kkf5_Relax,kkf5,Relax,no_physio,0.1938510537147522,1.371902346611023,-0.07480154186487198,-0.8018359541893005,0,0,1,0,1,temporal,0,3
kkf5_Speaking,kkf5,Speaking,no_physio,0.5035490989685059,0.008647561073303223,0.4165641963481903,0.6784220933914185,1,2,1,1,1,temporal,0,3
kkf5_Stroop,kkf5,Stroop,no_physio,0.8290708065032959,-0.6713123917579651,0.7330766916275024,0.8699033856391907,1,2,1,1,1,temporal,0,3
v8mh_Breathing,v8mh,Breathing,no_physio,0.06841695308685303,1.97923743724823,-0.20701435208320618,-1.1542731523513794,0,0,1,0,1,temporal,0,3
v8mh_Math,v8mh,Math,no_physio,0.655699610710144,0.09903401136398315,0.24095934629440308,0.1761367917060852,1,1,1,1,1,temporal,0,3
v8mh_Reading,v8mh,Reading,no_physio,0.36703068017959595,-0.20502512156963348,0.03943880647420883,0.33037689328193665,1,2,1,1,1,temporal,0,3
v8mh_Relax,v8mh,Relax,no_physio,0.18595163524150848,1.2361795902252197,-0.07744144648313522,-0.8552952408790588,0,0,1,0,1,temporal,0,3
v8mh_Speaking,v8mh,Speaking,no_physio,0.44156885147094727,0.10013842582702637,0.3444865942001343,0.6801132559776306,0,1,1,1,1,temporal,0,3
v8mh_Stroop,v8mh,Stroop,no_physio,0.8327136039733887,-0.8241285085678101,0.7966089248657227,0.8043686151504517,1,2,1,1,1,temporal,0,3
2hpu_Breathing,2hpu,Breathing,no_audio,0.06604713946580887,2.083996295928955,-0.244553804397583,-1.0411572456359863,0,0,1,0,1,temporal,0,3
2hpu_Math,2hpu,Math,no_audio,0.7004263401031494,-0.16988025605678558,0.32927489280700684,0.41026678681373596,0,1,1,1,1,temporal,0,3
2hpu_Reading,2hpu,Reading,no_audio,0.49363407492637634,-0.5751245617866516,0.22204557061195374,0.6199127435684204,0,0,1,1,1,temporal,0,3
2hpu_Relax,2hpu,Relax,no_audio,0.18160679936408997,1.253326177597046,0.02837385982275009,-0.845350980758667,0,0,1,0,1,temporal,0,3
2hpu_Speaking,2hpu,Speaking,no_audio,0.5445361137390137,-0.2797183394432068,0.5342962741851807,0.8759878873825073,1,2,1,1,1,temporal,0,3
2hpu_Stroop,2hpu,Stroop,no_audio,0.8525212407112122,-1.080489993095398,0.887520432472229,0.8837860822677612,1,2,1,1,1,temporal,0,3
8g4y_Breathing,8g4y,Breathing,no_audio,0.0783265084028244,1.7539979219436646,-0.26824697852134705,-0.9383967518806458,0,0,1,0,1,temporal,0,3
8g4y_Math,8g4y,Math,no_audio,0.5618743896484375,0.16302092373371124,0.1709120273590088,0.16918639838695526,1,1,1,1,1,temporal,0,3
8g4y_Reading,8g4y,Reading,no_audio,0.37123826146125793,-0.5339376926422119,0.05940570682287216,0.5623968839645386,1,1,1,1,1,temporal,0,3
8g4y_Relax,8g4y,Relax,no_audio,0.25425320863723755,0.8662389516830444,0.03366652876138687,-0.6398324370384216,0,0,1,0,1,temporal,0,3
8g4y_Speaking,8g4y,Speaking,no_audio,0.37376466393470764,0.09776270389556885,0.2279839813709259,0.7882428169250488,1,2,1,1,1,temporal,0,3
8g4y_Stroop,8g4y,Stroop,no_audio,0.7038564682006836,-0.5933644771575928,0.4819331169128418,0.6869214177131653,1,1,1,1,1,temporal,0,3
kkf5_Breathing,kkf5,Breathing,no_audio,0.060471512377262115,2.1018919944763184,-0.19130560755729675,-1.1042495965957642,0,0,1,0,1,temporal,0,3
kkf5_Math,kkf5,Math,no_audio,0.7792136073112488,-0.371004581451416,0.4717525541782379,0.4087176024913788,1,2,1,1,1,temporal,0,3
kkf5_Reading,kkf5,Reading,no_audio,0.46666938066482544,-0.4367868900299072,0.25034239888191223,0.47461381554603577,1,2,1,1,1,temporal,0,3
kkf5_Relax,kkf5,Relax,no_audio,0.23804228007793427,1.0307483673095703,0.10860937088727951,-0.784035861492157,0,0,1,0,1,temporal,0,3
kkf5_Speaking,kkf5,Speaking,no_audio,0.5799315571784973,-0.33361169695854187,0.5738458633422852,0.8339105248451233,1,2,1,1,1,temporal,0,3
kkf5_Stroop,kkf5,Stroop,no_audio,0.873095691204071,-1.1263463497161865,0.892596423625946,0.931479275226593,1,2,1,1,1,temporal,0,3
v8mh_Breathing,v8mh,Breathing,no_audio,0.05196119472384453,2.145498275756836,-0.25442641973495483,-1.2562892436981201,0,0,1,0,1,temporal,0,3
v8mh_Math,v8mh,Math,no_audio,0.7422525882720947,-0.04655183106660843,0.45623543858528137,0.11375938355922699,1,1,1,1,1,temporal,0,3
v8mh_Reading,v8mh,Reading,no_audio,0.4434197247028351,-0.3094910979270935,0.21184206008911133,0.35881832242012024,1,2,1,1,1,temporal,0,3
v8mh_Relax,v8mh,Relax,no_audio,0.16084672510623932,1.4311331510543823,-0.04467201977968216,-1.0532450675964355,0,0,1,0,1,temporal,0,3
v8mh_Speaking,v8mh,Speaking,no_audio,0.45918065309524536,0.15783831477165222,0.422750860452652,0.6341057419776917,0,1,1,1,1,temporal,0,3
v8mh_Stroop,v8mh,Stroop,no_audio,0.8543723821640015,-0.8743239641189575,0.8005841970443726,0.6073548793792725,1,2,1,1,1,temporal,0,3
2hpu_Breathing,2hpu,Breathing,no_video,0.08995850384235382,1.3414555788040161,-0.12159678339958191,-1.0471440553665161,0,0,1,0,1,temporal,0,3
2hpu_Math,2hpu,Math,no_video,0.8190155029296875,-0.853717565536499,0.40188467502593994,0.770176887512207,0,1,1,1,1,temporal,0,3
2hpu_Reading,2hpu,Reading,no_video,0.701955258846283,-1.574427604675293,0.3828955888748169,1.0294009447097778,0,0,1,1,1,temporal,0,3
2hpu_Relax,2hpu,Relax,no_video,0.29132208228111267,0.453141450881958,0.19652915000915527,-0.7794330716133118,0,0,1,0,1,temporal,0,3
2hpu_Speaking,2hpu,Speaking,no_video,0.6945000290870667,-1.02785325050354,0.6336759328842163,1.2376737594604492,1,2,1,1,1,temporal,0,3
2hpu_Stroop,2hpu,Stroop,no_video,0.9019066095352173,-1.7121978998184204,0.9383194446563721,1.1814899444580078,1,2,1,1,1,temporal,0,3
8g4y_Breathing,8g4y,Breathing,no_video,0.11583259701728821,1.072797417640686,-0.08563000708818436,-0.8386823534965515,0,0,1,0,1,temporal,0,3
8g4y_Math,8g4y,Math,no_video,0.8340030908584595,-1.2249985933303833,0.6280162334442139,0.8806013464927673,1,1,1,1,1,temporal,0,3
8g4y_Reading,8g4y,Reading,no_video,0.6586617827415466,-1.832566499710083,0.2166690230369568,0.9640666246414185,1,1,1,1,1,temporal,0,3
8g4y_Relax,8g4y,Relax,no_video,0.37336260080337524,0.18236923217773438,0.22864091396331787,-0.5528045296669006,0,0,1,0,1,temporal,0,3
8g4y_Speaking,8g4y,Speaking,no_video,0.6332061886787415,-1.378620982170105,0.6206672787666321,1.3087201118469238,1,2,1,1,1,temporal,0,3
8g4y_Stroop,8g4y,Stroop,no_video,0.8840306997299194,-2.13261079788208,0.7687167525291443,1.12908136844635,1,1,1,1,1,temporal,0,3
kkf5_Breathing,kkf5,Breathing,no_video,0.07162824273109436,1.4950478076934814,-0.0778316780924797,-1.219300389289856,0,0,1,0,1,temporal,0,3
kkf5_Math,kkf5,Math,no_video,0.842581570148468,-0.9748634696006775,0.5819289684295654,0.7951220870018005,1,2,1,1,1,temporal,0,3
kkf5_Reading,kkf5,Reading,no_video,0.6899990439414978,-1.5161129236221313,0.46214812994003296,0.8487476706504822,1,2,1,1,1,temporal,0,3
kkf5_Relax,kkf5,Relax,no_video,0.39550015330314636,0.08228787779808044,0.32214823365211487,-0.5892911553382874,0,0,1,0,1,temporal,0,3
kkf5_Speaking,kkf5,Speaking,no_video,0.7138052582740784,-1.111054539680481,0.7672021985054016,1.1759241819381714,1,2,1,1,1,temporal,0,3
kkf5_Stroop,kkf5,Stroop,no_video,0.9082275032997131,-1.7422398328781128,0.9081867337226868,1.2092509269714355,1,2,1,1,1,temporal,0,3
v8mh_Breathing,v8mh,Breathing,no_video,0.05475463345646858,1.8941559791564941,-0.21760275959968567,-1.3828067779541016,0,0,1,0,1,temporal,0,3
v8mh_Math,v8mh,Math,no_video,0.81685870885849,-0.6631423234939575,0.37823784351348877,0.46491551399230957,1,1,1,1,1,temporal,0,3
v8mh_Reading,v8mh,Reading,no_video,0.6512128114700317,-1.250547170639038,0.2796398401260376,0.5903767943382263,1,2,1,1,1,temporal,0,3
v8mh_Relax,v8mh,Relax,no_video,0.22800196707248688,0.8896948099136353,0.18237370252609253,-1.013124704360962,0,0,1,0,1,temporal,0,3
v8mh_Speaking,v8mh,Speaking,no_video,0.6150494813919067,-0.6041145324707031,0.5447996854782104,0.839156448841095,0,1,1,1,1,temporal,0,3
v8mh_Stroop,v8mh,Stroop,no_video,0.9102998375892639,-1.538838505744934,0.9792592525482178,0.954764187335968,1,2,1,1,1,temporal,0,3
2hpu_Breathing,2hpu,Breathing,physio_only,0.08995850384235382,1.3414555788040161,-0.12159678339958191,-1.0471440553665161,0,0,1,0,1,temporal,0,3
2hpu_Math,2hpu,Math,physio_only,0.8400949239730835,-1.0028491020202637,0.5703864097595215,0.7709868550300598,0,1,1,1,1,temporal,0,3
2hpu_Reading,2hpu,Reading,physio_only,0.7217112183570862,-1.6896508932113647,0.5062297582626343,0.9987275004386902,0,0,1,1,1,temporal,0,3
2hpu_Relax,2hpu,Relax,physio_only,0.29132208228111267,0.453141450881958,0.19652915000915527,-0.7794330716133118,0,0,1,0,1,temporal,0,3
2hpu_Speaking,2hpu,Speaking,physio_only,0.7280176281929016,-1.219747543334961,0.7933855056762695,1.265813946723938,1,2,1,1,1,temporal,0,3
2hpu_Stroop,2hpu,Stroop,physio_only,0.921421229839325,-1.9682719707489014,1.030425786972046,1.166085958480835,1,2,1,1,1,temporal,0,3
8g4y_Breathing,8g4y,Breathing,physio_only,0.11583259701728821,1.072797417640686,-0.08563000708818436,-0.8386823534965515,0,0,1,0,1,temporal,0,3
8g4y_Math,8g4y,Math,physio_only,0.7264994978904724,-0.6185353398323059,0.4247031807899475,0.423348993062973,1,1,1,1,1,temporal,0,3
8g4y_Reading,8g4y,Reading,physio_only,0.6110617518424988,-1.5606673955917358,0.34934213757514954,0.9128718972206116,1,1,1,1,1,temporal,0,3
8g4y_Relax,8g4y,Relax,physio_only,0.37336260080337524,0.18236923217773438,0.22864091396331787,-0.5528045296669006,0,0,1,0,1,temporal,0,3
8g4y_Speaking,8g4y,Speaking,physio_only,0.5037587285041809,-0.6923660635948181,0.4657532572746277,1.0071614980697632,1,2,1,1,1,temporal,0,3
8g4y_Stroop,8g4y,Stroop,physio_only,0.8317858576774597,-1.5574318170547485,0.7585237622261047,0.924476683139801,1,1,1,1,1,temporal,0,3
kkf5_Breathing,kkf5,Breathing,physio_only,0.07162824273109436,1.4950478076934814,-0.0778316780924797,-1.219300389289856,0,0,1,0,1,temporal,0,3
kkf5_Math,kkf5,Math,physio_only,0.8678253293037415,-1.1153042316436768,0.648614227771759,0.7751818299293518,1,2,1,1,1,temporal,0,3
kkf5_Reading,kkf5,Reading,physio_only,0.7409877777099609,-1.7479757070541382,0.6169329881668091,0.8760895729064941,1,2,1,1,1,temporal,0,3
kkf5_Relax,kkf5,Relax,physio_only,0.39550015330314636,0.08228787779808044,0.32214823365211487,-0.5892911553382874,0,0,1,0,1,temporal,0,3
kkf5_Speaking,kkf5,Speaking,physio_only,0.7595041394233704,-1.3426543474197388,0.8803673386573792,1.2199236154556274,1,2,1,1,1,temporal,0,3
kkf5_Stroop,kkf5,Stroop,physio_only,0.927888035774231,-2.0250368118286133,1.0183466672897339,1.1965655088424683,1,2,1,1,1,temporal,0,3
v8mh_Breathing,v8mh,Breathing,physio_only,0.05475463345646858,1.8941559791564941,-0.21760275959968567,-1.3828067779541016,0,0,1,0,1,temporal,0,3
v8mh_Math,v8mh,Math,physio_only,0.8679575324058533,-1.0180871486663818,0.644623875617981,0.6050167679786682,1,1,1,1,1,temporal,0,3
v8mh_Reading,v8mh,Reading,physio_only,0.7312304973602295,-1.6383850574493408,0.5069442987442017,0.7762426733970642,1,2,1,1,1,temporal,0,3
v8mh_Relax,v8mh,Relax,physio_only,0.22800196707248688,0.8896948099136353,0.18237370252609253,-1.013124704360962,0,0,1,0,1,temporal,0,3
v8mh_Speaking,v8mh,Speaking,physio_only,0.7174695730209351,-1.0712913274765015,0.8556878566741943,1.0349348783493042,0,1,1,1,1,temporal,0,3
v8mh_Stroop,v8mh,Stroop,physio_only,0.9387487173080444,-2.022280216217041,1.138051152229309,0.9943646192550659,1,2,1,1,1,temporal,0,3
2hpu_Breathing,2hpu,Breathing,audio_only,0.07098212838172913,1.6054754257202148,-0.026835553348064423,-1.2882184982299805,0,0,1,0,1,temporal,0,3
2hpu_Math,2hpu,Math,audio_only,0.7675453424453735,-0.4766358733177185,0.31907889246940613,0.48058900237083435,0,1,1,1,1,temporal,0,3
2hpu_Reading,2hpu,Reading,audio_only,0.5550151467323303,-1.2217093706130981,0.20620277523994446,0.6430766582489014,0,0,1,1,1,temporal,0,3
2hpu_Relax,2hpu,Relax,audio_only,0.22208213806152344,0.8524261713027954,0.1735086739063263,-0.9252868294715881,0,0,1,0,1,temporal,0,3
2hpu_Speaking,2hpu,Speaking,audio_only,0.5830780267715454,-0.671823263168335,0.5294198989868164,0.9293013215065002,1,2,1,1,1,temporal,0,3
2hpu_Stroop,2hpu,Stroop,audio_only,0.8659778833389282,-1.4112136363983154,0.8937366604804993,0.8403525948524475,1,2,1,1,1,temporal,0,3
8g4y_Breathing,8g4y,Breathing,audio_only,0.07098212838172913,1.6054754257202148,-0.026835553348064423,-1.2882184982299805,0,0,1,0,1,temporal,0,3
8g4y_Math,8g4y,Math,audio_only,0.8664089441299438,-1.4299217462539673,0.8218369483947754,0.7495791912078857,1,1,1,1,1,temporal,0,3
8g4y_Reading,8g4y,Reading,audio_only,0.5949466824531555,-1.642878770828247,0.2515817880630493,0.43800291419029236,1,1,1,1,1,temporal,0,3
8g4y_Relax,8g4y,Relax,audio_only,0.22208213806152344,0.8524261713027954,0.1735086739063263,-0.9252868294715881,0,0,1,0,1,temporal,0,3
8g4y_Speaking,8g4y,Speaking,audio_only,0.6839066743850708,-1.4832212924957275,0.620174765586853,1.0437995195388794,1,2,1,1,1,temporal,0,3
8g4y_Stroop,8g4y,Stroop,audio_only,0.9086554646492004,-2.2521286010742188,0.7822097539901733,0.9647502303123474,1,1,1,1,1,temporal,0,3
kkf5_Breathing,kkf5,Breathing,audio_only,0.07098212838172913,1.6054754257202148,-0.026835553348064423,-1.2882184982299805,0,0,1,0,1,temporal,0,3
kkf5_Math,kkf5,Math,audio_only,0.7530463337898254,-0.4984918534755707,0.44529780745506287,0.3527081608772278,1,2,1,1,1,temporal,0,3
kkf5_Reading,kkf5,Reading,audio_only,0.44607284665107727,-0.8561028838157654,0.0826755091547966,0.37793436646461487,1,2,1,1,1,temporal,0,3
kkf5_Relax,kkf5,Relax,audio_only,0.22208213806152344,0.8524261713027954,0.1735086739063263,-0.9252868294715881,0,0,1,0,1,temporal,0,3
kkf5_Speaking,kkf5,Speaking,audio_only,0.5410642623901367,-0.568411111831665,0.461531400680542,0.7044697999954224,1,2,1,1,1,temporal,0,3
kkf5_Stroop,kkf5,Stroop,audio_only,0.8528755307197571,-1.325283408164978,0.8016564846038818,0.8611409664154053,1,2,1,1,1,temporal,0,3
v8mh_Breathing,v8mh,Breathing,audio_only,0.07098212838172913,1.6054754257202148,-0.026835553348064423,-1.2882184982299805,0,0,1,0,1,temporal,0,3
v8mh_Math,v8mh,Math,audio_only,0.6941931247711182,-0.18013614416122437,0.14008867740631104,0.1952299028635025,1,1,1,1,1,temporal,0,3
v8mh_Reading,v8mh,Reading,audio_only,0.4086702764034271,-0.7172542810440063,-0.040504224598407745,0.2898235321044922,1,2,1,1,1,temporal,0,3
v8mh_Relax,v8mh,Relax,audio_only,0.22208213806152344,0.8524261713027954,0.1735086739063263,-0.9252868294715881,0,0,1,0,1,temporal,0,3
v8mh_Speaking,v8mh,Speaking,audio_only,0.47761270403862,-0.3097829222679138,0.33536529541015625,0.6768702268600464,0,1,1,1,1,temporal,0,3
v8mh_Stroop,v8mh,Stroop,audio_only,0.839771032333374,-1.1013774871826172,0.8253762722015381,0.749921977519989,1,2,1,1,1,temporal,0,3
2hpu_Breathing,2hpu,Breathing,video_only,0.07575641572475433,2.136582374572754,-0.17592868208885193,-1.0378541946411133,0,0,1,0,1,temporal,0,3
2hpu_Math,2hpu,Math,video_only,0.6102370023727417,0.6269823908805847,0.12086596339941025,0.14532701671123505,0,1,1,1,1,temporal,0,3
2hpu_Reading,2hpu,Reading,video_only,0.3525558412075043,0.1947534680366516,-0.17726323008537292,0.26649993658065796,0,0,1,1,1,temporal,0,3
2hpu_Relax,2hpu,Relax,video_only,0.19588124752044678,1.3615810871124268,-0.046526677906513214,-0.7790575623512268,0,0,1,0,1,temporal,0,3
2hpu_Speaking,2hpu,Speaking,video_only,0.4176291227340698,0.37377065420150757,0.2548210322856903,0.6829059720039368,1,2,1,1,1,temporal,0,3
2hpu_Stroop,2hpu,Stroop,video_only,0.7943534851074219,-0.3692716658115387,0.6097214221954346,0.7897091507911682,1,2,1,1,1,temporal,0,3
8g4y_Breathing,8g4y,Breathing,video_only,0.06829868257045746,2.0932345390319824,-0.32174113392829895,-1.081712245941162,0,0,1,0,1,temporal,0,3
8g4y_Math,8g4y,Math,video_only,0.6321719884872437,0.2770747244358063,0.10330881923437119,0.2277050018310547,1,1,1,1,1,temporal,0,3
8g4y_Reading,8g4y,Reading,video_only,0.3116333484649658,0.11861148476600647,-0.19362527132034302,0.3391023278236389,1,1,1,1,1,temporal,0,3
8g4y_Relax,8g4y,Relax,video_only,0.18899530172348022,1.2805404663085938,-0.16505828499794006,-0.766283392906189,0,0,1,0,1,temporal,0,3
8g4y_Speaking,8g4y,Speaking,video_only,0.43390655517578125,0.19578874111175537,0.19354483485221863,0.7960995435714722,1,2,1,1,1,temporal,0,3
8g4y_Stroop,8g4y,Stroop,video_only,0.7970261573791504,-0.5860809087753296,0.40261223912239075,0.7950513362884521,1,1,1,1,1,temporal,0,3
kkf5_Breathing,kkf5,Breathing,video_only,0.07618223130702972,2.1480164527893066,-0.15797221660614014,-1.026431679725647,0,0,1,0,1,temporal,0,3
kkf5_Math,kkf5,Math,video_only,0.6234175562858582,0.5256980657577515,0.16464278101921082,0.12949590384960175,1,2,1,1,1,temporal,0,3
kkf5_Reading,kkf5,Reading,video_only,0.3348711133003235,0.2442684769630432,-0.13637515902519226,0.28430238366127014,1,2,1,1,1,temporal,0,3
kkf5_Relax,kkf5,Relax,video_only,0.1938510537147522,1.371902346611023,-0.07480154186487198,-0.8018359541893005,0,0,1,0,1,temporal,0,3
kkf5_Speaking,kkf5,Speaking,video_only,0.4194597601890564,0.4228569269180298,0.20927393436431885,0.672568142414093,1,2,1,1,1,temporal,0,3
kkf5_Stroop,kkf5,Stroop,video_only,0.7817069888114929,-0.2776176929473877,0.5507494211196899,0.768988847732544,1,2,1,1,1,temporal,0,3
v8mh_Breathing,v8mh,Breathing,video_only,0.06841695308685303,1.97923743724823,-0.20701435208320618,-1.1542731523513794,0,0,1,0,1,temporal,0,3
v8mh_Math,v8mh,Math,video_only,0.6116915941238403,0.4058007597923279,0.24862492084503174,0.09349927306175232,1,1,1,1,1,temporal,0,3
v8mh_Reading,v8mh,Reading,video_only,0.29887551069259644,0.12288309633731842,-0.10968933254480362,0.2605774402618408,1,2,1,1,1,temporal,0,3
v8mh_Relax,v8mh,Relax,video_only,0.18595163524150848,1.2361795902252197,-0.07744144648313522,-0.8552952408790588,0,0,1,0,1,temporal,0,3
v8mh_Speaking,v8mh,Speaking,video_only,0.39654743671417236,0.3509610593318939,0.2346705198287964,0.6776004433631897,0,1,1,1,1,temporal,0,3
v8mh_Stroop,v8mh,Stroop,video_only,0.7893111109733582,-0.5198184251785278,0.5885827541351318,0.777860164642334,1,2,1,1,1,temporal,0,3
71i5_Breathing,71i5,Breathing,full,0.2527161240577698,0.2559199929237366,0.13741393387317657,-0.16086848080158234,1,0,1,0,1,static,0,0
71i5_Math,71i5,Math,full,0.6650881767272949,-0.7586451172828674,0.3341715931892395,0.7405115962028503,1,2,1,1,1,static,0,0
71i5_Reading,71i5,Reading,full,0.6375830173492432,-0.12811279296875,-0.9724469780921936,0.2405293881893158,0,0,1,1,1,static,0,0
71i5_Relax,71i5,Relax,full,0.3104228079319,0.5594533681869507,0.30360740423202515,-0.6161497235298157,0,0,1,0,1,static,0,0
71i5_Speaking,71i5,Speaking,full,0.7265456914901733,-1.7140027284622192,-0.12109368294477463,0.018069574609398842,0,0,1,1,1,static,0,0
71i5_Stroop,71i5,Stroop,full,0.6502413749694824,-0.44836190342903137,-0.7331568002700806,-0.3480622172355652,1,2,1,1,1,static,0,0
cxj0_Breathing,cxj0,Breathing,full,0.2713148593902588,0.026806127279996872,0.1332167088985443,0.042723074555397034,1,2,1,0,1,static,0,0
cxj0_Math,cxj0,Math,full,0.573706328868866,-0.48309826850891113,0.2545669376850128,0.6544884443283081,1,2,1,1,1,static,0,0
cxj0_Reading,cxj0,Reading,full,0.6027708649635315,-0.15161094069480896,-1.1360199451446533,0.3287385404109955,0,0,1,1,1,static,0,0
cxj0_Relax,cxj0,Relax,full,0.48178571462631226,0.07388059794902802,0.04582460969686508,-0.3481068015098572,0,0,1,0,1,static,0,0
cxj0_Speaking,cxj0,Speaking,full,0.6828007102012634,-1.53415048122406,-0.21868133544921875,-0.08240679651498795,0,1,1,1,1,static,0,0
cxj0_Stroop,cxj0,Stroop,full,0.5555398464202881,-0.37557968497276306,-0.9892486929893494,-0.336284875869751,1,2,1,1,1,static,0,0
r5s8_Breathing,r5s8,Breathing,full,0.15724559128284454,0.6553891897201538,0.3212694525718689,-0.21112893521785736,0,1,1,0,1,static,0,0
r5s8_Math,r5s8,Math,full,0.6980441808700562,-0.7554454207420349,0.42455655336380005,0.6861085295677185,0,1,1,1,1,static,0,0
r5s8_Reading,r5s8,Reading,full,0.7095414400100708,-0.414784699678421,-0.8107112646102905,0.2679087221622467,1,1,1,1,1,static,0,0
r5s8_Relax,r5s8,Relax,full,0.41662460565567017,0.3703630864620209,0.13260671496391296,-0.43532368540763855,1,1,1,0,1,static,0,0
r5s8_Speaking,r5s8,Speaking,full,0.7266525626182556,-1.5810695886611938,-0.040075987577438354,-0.11087528616189957,0,1,1,1,1,static,0,0
r5s8_Stroop,r5s8,Stroop,full,0.6627625226974487,-0.43699806928634644,-0.7482728362083435,-0.3952036499977112,1,1,1,1,1,static,0,0
y9z6_Breathing,y9z6,Breathing,full,0.16633671522140503,0.7413188219070435,0.307783842086792,-0.1710003912448883,0,0,1,0,1,static,0,0
y9z6_Math,y9z6,Math,full,0.7138667702674866,-0.7414904236793518,0.32330214977264404,0.668608546257019,1,1,1,1,1,static,0,0
y9z6_Reading,y9z6,Reading,full,0.7497724890708923,-0.45716094970703125,-0.9713286757469177,0.39377304911613464,0,1,1,1,1,static,0,0
y9z6_Relax,y9z6,Relax,full,0.3964129686355591,0.43221884965896606,0.1252858191728592,-0.40525442361831665,0,0,1,0,1,static,0,0
y9z6_Speaking,y9z6,Speaking,full,0.7663615942001343,-1.6703712940216064,-0.21951264142990112,-0.02170494757592678,1,2,1,1,1,static,0,0
y9z6_Stroop,y9z6,Stroop,full,0.6819863319396973,-0.41610953211784363,-0.9452078938484192,-0.34040871262550354,1,1,1,1,1,static,0,0
71i5_Breathing,71i5,Breathing,no_physio,0.1831711083650589,0.25716477632522583,0.47562360763549805,-0.19425085186958313,1,0,1,0,1,static,0,0
71i5_Math,71i5,Math,no_physio,0.6121309995651245,-0.6928032040596008,0.4158242642879486,0.7471423149108887,1,2,1,1,1,static,0,0
71i5_Reading,71i5,Reading,no_physio,0.6967962384223938,-0.4453328251838684,-0.8670713305473328,0.3346002697944641,0,0,1,1,1,static,0,0
71i5_Relax,71i5,Relax,no_physio,0.3591303825378418,0.033874478191137314,0.4644260108470917,-0.4370378851890564,0,0,1,0,1,static,0,0
71i5_Speaking,71i5,Speaking,no_physio,0.6890397667884827,-1.695634126663208,-0.06960631161928177,-0.008035724982619286,0,0,1,1,1,static,0,0
71i5_Stroop,71i5,Stroop,no_physio,0.6036361455917358,-0.32524675130844116,-0.6811918020248413,-0.4021979570388794,1,2,1,1,1,static,0,0
cxj0_Breathing,cxj0,Breathing,no_physio,0.18488574028015137,0.1770365834236145,0.41374996304512024,-0.05867438763380051,1,2,1,0,1,static,0,0
cxj0_Math,cxj0,Math,no_physio,0.5691434741020203,-0.6391454339027405,0.39789366722106934,0.7372554540634155,1,2,1,1,1,static,0,0
cxj0_Reading,cxj0,Reading,no_physio,0.6117075681686401,-0.3814876973628998,-1.0433111190795898,0.3978632092475891,0,0,1,1,1,static,0,0
cxj0_Relax,cxj0,Relax,no_physio,0.38681644201278687,0.01714811846613884,0.3954603672027588,-0.368787944316864,0,0,1,0,1,static,0,0
cxj0_Speaking,cxj0,Speaking,no_physio,0.6271591186523438,-1.506569743156433,-0.08612514287233353,-0.07102010399103165,0,1,1,1,1,static,0,0
cxj0_Stroop,cxj0,Stroop,no_physio,0.433312326669693,-0.2600553631782532,-0.8494482636451721,-0.3741833567619324,1,2,1,1,1,static,0,0
r5s8_Breathing,r5s8,Breathing,no_physio,0.1760028451681137,0.11916771531105042,0.5212772488594055,-0.0960598960518837,0,1,1,0,1,static,0,0
r5s8_Math,r5s8,Math,no_physio,0.6779918670654297,-0.755194902420044,0.47883814573287964,0.6872323155403137,0,1,1,1,1,static,0,0
r5s8_Reading,r5s8,Reading,no_physio,0.6828996539115906,-0.4010831415653229,-0.7227904200553894,0.25040745735168457,1,1,1,1,1,static,0,0
r5s8_Relax,r5s8,Relax,no_physio,0.3670177757740021,-0.00639733299612999,0.5075139403343201,-0.44984859228134155,1,1,1,0,1,static,0,0
r5s8_Speaking,r5s8,Speaking,no_physio,0.7009348273277283,-1.5654066801071167,0.07356004416942596,-0.14703205227851868,0,1,1,1,1,static,0,0
r5s8_Stroop,r5s8,Stroop,no_physio,0.6314072608947754,-0.397372305393219,-0.7084019780158997,-0.4560495615005493,1,1,1,1,1,static,0,0
y9z6_Breathing,y9z6,Breathing,no_physio,0.22077204287052155,0.12534531950950623,0.38160383701324463,-0.09804704785346985,0,0,1,0,1,static,0,0
y9z6_Math,y9z6,Math,no_physio,0.700931966304779,-0.6828044056892395,0.3402582108974457,0.700305700302124,1,1,1,1,1,static,0,0
y9z6_Reading,y9z6,Reading,no_physio,0.7403905987739563,-0.4103811979293823,-0.9810033440589905,0.46123552322387695,0,1,1,1,1,static,0,0
y9z6_Relax,y9z6,Relax,no_physio,0.4222767651081085,-0.10127808153629303,0.31495776772499084,-0.35862940549850464,0,0,1,0,1,static,0,0
y9z6_Speaking,y9z6,Speaking,no_physio,0.7621496319770813,-1.6654441356658936,-0.2461070418357849,0.032088808715343475,1,2,1,1,1,static,0,0
y9z6_Stroop,y9z6,Stroop,no_physio,0.6820841431617737,-0.4345797598361969,-0.9295375943183899,-0.2939735949039459,1,1,1,1,1,static,0,0
71i5_Breathing,71i5,Breathing,no_audio,0.2527161240577698,0.2559199929237366,0.13741393387317657,-0.16086848080158234,1,0,1,0,1,static,0,0
71i5_Math,71i5,Math,no_audio,0.4100126028060913,-0.16762055456638336,0.15704965591430664,0.3028406798839569,1,2,1,1,1,static,0,0
71i5_Reading,71i5,Reading,no_audio,0.2518176734447479,0.914789617061615,-0.87492436170578,-0.4744749665260315,0,0,1,1,1,static,0,0
71i5_Relax,71i5,Relax,no_audio,0.3104228079319,0.5594533681869507,0.30360740423202515,-0.6161497235298157,0,0,1,0,1,static,0,0
71i5_Speaking,71i5,Speaking,no_audio,0.4376266598701477,-1.0822153091430664,-0.3363955318927765,-0.45253080129623413,0,0,1,1,1,static,0,0
71i5_Stroop,71i5,Stroop,no_audio,0.38091152906417847,0.07819361984729767,-1.0703885555267334,-0.7525842189788818,1,2,1,1,1,static,0,0
cxj0_Breathing,cxj0,Breathing,no_audio,0.2713148593902588,0.026806127279996872,0.1332167088985443,0.042723074555397034,1,2,1,0,1,static,0,0
cxj0_Math,cxj0,Math,no_audio,0.31159767508506775,0.2681797444820404,0.30411282181739807,0.13113826513290405,1,2,1,1,1,static,0,0
cxj0_Reading,cxj0,Reading,no_audio,0.3242515027523041,0.739547610282898,-1.030766248703003,-0.25513502955436707,0,0,1,1,1,static,0,0
cxj0_Relax,cxj0,Relax,no_audio,0.48178571462631226,0.07388059794902802,0.04582460969686508,-0.3481068015098572,0,0,1,0,1,static,0,0
cxj0_Speaking,cxj0,Speaking,no_audio,0.42290422320365906,-0.8402724266052246,-0.2856685519218445,-0.6654465794563293,0,1,1,1,1,static,0,0
cxj0_Stroop,cxj0,Stroop,no_audio,0.37815868854522705,0.09267109632492065,-1.0080559253692627,-0.7561745643615723,1,2,1,1,1,static,0,0
r5s8_Breathing,r5s8,Breathing,no_audio,0.15724559128284454,0.6553891897201538,0.3212694525718689,-0.21112893521785736,0,1,1,0,1,static,0,0
r5s8_Math,r5s8,Math,no_audio,0.3912231922149658,0.12130127847194672,0.16672760248184204,0.2292608618736267,0,1,1,1,1,static,0,0
r5s8_Reading,r5s8,Reading,no_audio,0.3658011555671692,0.6338270306587219,-1.145883560180664,-0.25823974609375,1,1,1,1,1,static,0,0
r5s8_Relax,r5s8,Relax,no_audio,0.41662460565567017,0.3703630864620209,0.13260671496391296,-0.43532368540763855,1,1,1,0,1,static,0,0
r5s8_Speaking,r5s8,Speaking,no_audio,0.41750770807266235,-0.7248450517654419,-0.3193013668060303,-0.606894314289093,0,1,1,1,1,static,0,0
r5s8_Stroop,r5s8,Stroop,no_audio,0.39045438170433044,0.3785433769226074,-1.0528424978256226,-0.8462114930152893,1,1,1,1,1,static,0,0
y9z6_Breathing,y9z6,Breathing,no_audio,0.16633671522140503,0.7413188219070435,0.307783842086792,-0.1710003912448883,0,0,1,0,1,static,0,0
y9z6_Math,y9z6,Math,no_audio,0.4324527978897095,0.0004108622670173645,0.24345934391021729,0.211061030626297,1,1,1,1,1,static,0,0
y9z6_Reading,y9z6,Reading,no_audio,0.5359372496604919,0.07418791204690933,-1.1665061712265015,-0.059391170740127563,0,1,1,1,1,static,0,0
y9z6_Relax,y9z6,Relax,no_audio,0.3964129686355591,0.43221884965896606,0.1252858191728592,-0.40525442361831665,0,0,1,0,1,static,0,0
y9z6_Speaking,y9z6,Speaking,no_audio,0.5266469120979309,-1.1066416501998901,-0.3349757194519043,-0.5069148540496826,1,2,1,1,1,static,0,0
y9z6_Stroop,y9z6,Stroop,no_audio,0.36641642451286316,0.4197697639465332,-0.9943854212760925,-0.8545646071434021,1,1,1,1,1,static,0,0
71i5_Breathing,71i5,Breathing,no_video,0.30336055159568787,0.14784085750579834,0.23848387598991394,0.0354543998837471,1,0,1,0,1,static,0,0
71i5_Math,71i5,Math,no_video,0.6959431767463684,-0.8845711350440979,0.5788388252258301,0.6533777117729187,1,2,1,1,1,static,0,0
71i5_Reading,71i5,Reading,no_video,0.6568758487701416,-0.3573525547981262,-0.5877790451049805,0.1294785887002945,0,0,1,1,1,static,0,0
71i5_Relax,71i5,Relax,no_video,0.32618817687034607,0.7787874937057495,0.4034913182258606,-0.6795468926429749,0,0,1,0,1,static,0,0
71i5_Speaking,71i5,Speaking,no_video,0.7462685704231262,-1.8228464126586914,0.08127771317958832,-0.10970234125852585,0,0,1,1,1,static,0,0
71i5_Stroop,71i5,Stroop,no_video,0.6718797087669373,-0.5381097793579102,-0.568425178527832,-0.4240134060382843,1,2,1,1,1,static,0,0
cxj0_Breathing,cxj0,Breathing,no_video,0.33953267335891724,-0.019377123564481735,0.2821923494338989,0.09754171222448349,1,2,1,0,1,static,0,0
cxj0_Math,cxj0,Math,no_video,0.6401057839393616,-0.7075554132461548,0.5039572715759277,0.6646185517311096,1,2,1,1,1,static,0,0
cxj0_Reading,cxj0,Reading,no_video,0.6433821320533752,-0.305261492729187,-0.8810164928436279,0.25790613889694214,0,0,1,1,1,static,0,0
cxj0_Relax,cxj0,Relax,no_video,0.5594139099121094,0.03866796940565109,0.19558864831924438,-0.34556305408477783,0,0,1,0,1,static,0,0
cxj0_Speaking,cxj0,Speaking,no_video,0.7310591340065002,-1.7597473859786987,-0.0381581112742424,-0.03660152107477188,0,1,1,1,1,static,0,0
cxj0_Stroop,cxj0,Stroop,no_video,0.6524836421012878,-0.4955027103424072,-0.8544583916664124,-0.33909133076667786,1,2,1,1,1,static,0,0
r5s8_Breathing,r5s8,Breathing,no_video,0.17288164794445038,0.7615392208099365,0.33265385031700134,-0.24051758646965027,0,1,1,0,1,static,0,0
r5s8_Math,r5s8,Math,no_video,0.7003299593925476,-0.8663551807403564,0.6632919907569885,0.6390972137451172,0,1,1,1,1,static,0,0
r5s8_Reading,r5s8,Reading,no_video,0.7077462673187256,-0.50160813331604,-0.5853238701820374,0.22663459181785583,1,1,1,1,1,static,0,0
r5s8_Relax,r5s8,Relax,no_video,0.47438502311706543,0.3327650725841522,0.15367364883422852,-0.4272530972957611,1,1,1,0,1,static,0,0
r5s8_Speaking,r5s8,Speaking,no_video,0.7384135127067566,-1.7424787282943726,0.14825394749641418,-0.1197236105799675,0,1,1,1,1,static,0,0
r5s8_Stroop,r5s8,Stroop,no_video,0.662990391254425,-0.5061578750610352,-0.5729715824127197,-0.43915799260139465,1,1,1,1,1,static,0,0
y9z6_Breathing,y9z6,Breathing,no_video,0.1661863625049591,0.818855345249176,0.3246520161628723,-0.14126309752464294,0,0,1,0,1,static,0,0
y9z6_Math,y9z6,Math,no_video,0.7186004519462585,-0.841522753238678,0.5525603890419006,0.6913067698478699,1,1,1,1,1,static,0,0
y9z6_Reading,y9z6,Reading,no_video,0.737278401851654,-0.4722292423248291,-0.778552770614624,0.29014185070991516,0,1,1,1,1,static,0,0
y9z6_Relax,y9z6,Relax,no_video,0.3759227693080902,0.6538462042808533,0.27162185311317444,-0.4797571897506714,0,0,1,0,1,static,0,0
y9z6_Speaking,y9z6,Speaking,no_video,0.7638341784477234,-1.7368793487548828,-0.012306541204452515,-0.07843749970197678,1,2,1,1,1,static,0,0
y9z6_Stroop,y9z6,Stroop,no_video,0.6684372425079346,-0.4644579589366913,-0.7408072352409363,-0.4538104236125946,1,1,1,1,1,static,0,0
71i5_Breathing,71i5,Breathing,physio_only,0.30336055159568787,0.14784085750579834,0.23848387598991394,0.0354543998837471,1,0,1,0,1,static,0,0
71i5_Math,71i5,Math,physio_only,0.4919038712978363,-0.11748485267162323,0.35602980852127075,0.26464933156967163,1,2,1,1,1,static,0,0
71i5_Reading,71i5,Reading,physio_only,0.2562556862831116,1.091320276260376,-0.7694315314292908,-0.49993622303009033,0,0,1,1,1,static,0,0
71i5_Relax,71i5,Relax,physio_only,0.32618817687034607,0.7787874937057495,0.4034913182258606,-0.6795468926429749,0,0,1,0,1,static,0,0
71i5_Speaking,71i5,Speaking,physio_only,0.5208427309989929,-1.103531002998352,-0.17594653367996216,-0.49217134714126587,0,0,1,1,1,static,0,0
71i5_Stroop,71i5,Stroop,physio_only,0.5067418813705444,0.0667581856250763,-0.8875983357429504,-0.7276152968406677,1,2,1,1,1,static,0,0
cxj0_Breathing,cxj0,Breathing,physio_only,0.33953267335891724,-0.019377123564481735,0.2821923494338989,0.09754171222448349,1,2,1,0,1,static,0,0
cxj0_Math,cxj0,Math,physio_only,0.3574136197566986,0.27690500020980835,0.39244237542152405,0.13775965571403503,1,2,1,1,1,static,0,0
cxj0_Reading,cxj0,Reading,physio_only,0.3572863042354584,0.7589425444602966,-0.9795148968696594,-0.2593277394771576,0,0,1,1,1,static,0,0
cxj0_Relax,cxj0,Relax,physio_only,0.5594139099121094,0.03866796940565109,0.19558864831924438,-0.34556305408477783,0,0,1,0,1,static,0,0
cxj0_Speaking,cxj0,Speaking,physio_only,0.5092597007751465,-0.9677819013595581,-0.2151787281036377,-0.5845834612846375,0,1,1,1,1,static,0,0
cxj0_Stroop,cxj0,Stroop,physio_only,0.5128699541091919,0.05841103196144104,-0.9265549778938293,-0.7009379863739014,1,2,1,1,1,static,0,0
r5s8_Breathing,r5s8,Breathing,physio_only,0.17288164794445038,0.7615392208099365,0.33265385031700134,-0.24051758646965027,0,1,1,0,1,static,0,0
r5s8_Math,r5s8,Math,physio_only,0.4289241135120392,0.08006467670202255,0.30258581042289734,0.23144406080245972,0,1,1,1,1,static,0,0
r5s8_Reading,r5s8,Reading,physio_only,0.39649516344070435,0.6124007105827332,-1.038185715675354,-0.22292013466358185,1,1,1,1,1,static,0,0
r5s8_Relax,r5s8,Relax,physio_only,0.47438502311706543,0.3327650725841522,0.15367364883422852,-0.4272530972957611,1,1,1,0,1,static,0,0
r5s8_Speaking,r5s8,Speaking,physio_only,0.4666467010974884,-0.8877097964286804,-0.2477777898311615,-0.6099571585655212,0,1,1,1,1,static,0,0
r5s8_Stroop,r5s8,Stroop,physio_only,0.4459339380264282,0.29660505056381226,-0.9457562565803528,-0.7871548533439636,1,1,1,1,1,static,0,0
y9z6_Breathing,y9z6,Breathing,physio_only,0.1661863625049591,0.818855345249176,0.3246520161628723,-0.14126309752464294,0,0,1,0,1,static,0,0
y9z6_Math,y9z6,Math,physio_only,0.4464012086391449,-0.08143278956413269,0.4197002351284027,0.31084245443344116,1,1,1,1,1,static,0,0
y9z6_Reading,y9z6,Reading,physio_only,0.5412628650665283,0.0630829930305481,-0.9498243927955627,-0.023701975122094154,0,1,1,1,1,static,0,0
y9z6_Relax,y9z6,Relax,physio_only,0.3759227693080902,0.6538462042808533,0.27162185311317444,-0.4797571897506714,0,0,1,0,1,static,0,0
y9z6_Speaking,y9z6,Speaking,physio_only,0.5676566362380981,-1.2591378688812256,-0.14660543203353882,-0.4352268874645233,1,2,1,1,1,static,0,0
y9z6_Stroop,y9z6,Stroop,physio_only,0.3680870532989502,0.44511717557907104,-0.8674954771995544,-0.8408129811286926,1,1,1,1,1,static,0,0
71i5_Breathing,71i5,Breathing,audio_only,0.21679812669754028,0.3103945553302765,0.2928406596183777,-0.13239537179470062,1,0,1,0,1,static,0,0
71i5_Math,71i5,Math,audio_only,0.6423214077949524,-0.7882683277130127,0.5737659335136414,0.5512673258781433,1,2,1,1,1,static,0,0
71i5_Reading,71i5,Reading,audio_only,0.671320378780365,-0.47589927911758423,-0.7003135681152344,0.11713796108961105,0,0,1,1,1,static,0,0
71i5_Relax,71i5,Relax,audio_only,0.42492884397506714,0.21396532654762268,0.2887002229690552,-0.5290986895561218,0,0,1,0,1,static,0,0
71i5_Speaking,71i5,Speaking,audio_only,0.7072635293006897,-1.7785098552703857,0.058636948466300964,-0.2730519473552704,0,0,1,1,1,static,0,0
71i5_Stroop,71i5,Stroop,audio_only,0.6347519755363464,-0.4146498441696167,-0.5664432644844055,-0.5541841983795166,1,2,1,1,1,static,0,0
cxj0_Breathing,cxj0,Breathing,audio_only,0.21679812669754028,0.3103945553302765,0.2928406596183777,-0.13239537179470062,1,2,1,0,1,static,0,0
cxj0_Math,cxj0,Math,audio_only,0.6052721738815308,-0.7372811436653137,0.4478026032447815,0.6421771049499512,1,2,1,1,1,static,0,0
cxj0_Reading,cxj0,Reading,audio_only,0.6060203909873962,-0.4080556035041809,-0.9706705212593079,0.21985632181167603,0,0,1,1,1,static,0,0
cxj0_Relax,cxj0,Relax,audio_only,0.42492884397506714,0.21396532654762268,0.2887002229690552,-0.5290986895561218,0,0,1,0,1,static,0,0
cxj0_Speaking,cxj0,Speaking,audio_only,0.6712000966072083,-1.6894323825836182,-0.08694102615118027,-0.11336617916822433,0,1,1,1,1,static,0,0
cxj0_Stroop,cxj0,Stroop,audio_only,0.527523934841156,-0.34232866764068604,-0.9423573613166809,-0.43344438076019287,1,2,1,1,1,static,0,0
r5s8_Breathing,r5s8,Breathing,audio_only,0.21679812669754028,0.3103945553302765,0.2928406596183777,-0.13239537179470062,0,1,1,0,1,static,0,0
r5s8_Math,r5s8,Math,audio_only,0.6761987805366516,-0.8106440901756287,0.7063241600990295,0.5582635402679443,0,1,1,1,1,static,0,0
r5s8_Reading,r5s8,Reading,audio_only,0.6888761520385742,-0.4384775459766388,-0.5858460664749146,0.1267022043466568,1,1,1,1,1,static,0,0
r5s8_Relax,r5s8,Relax,audio_only,0.42492884397506714,0.21396532654762268,0.2887002229690552,-0.5290986895561218,1,1,1,0,1,static,0,0
r5s8_Speaking,r5s8,Speaking,audio_only,0.7198840975761414,-1.6712971925735474,0.18993957340717316,-0.20806410908699036,0,1,1,1,1,static,0,0
r5s8_Stroop,r5s8,Stroop,audio_only,0.6257073283195496,-0.4216533303260803,-0.5622091889381409,-0.5449219346046448,1,1,1,1,1,static,0,0
y9z6_Breathing,y9z6,Breathing,audio_only,0.21679812669754028,0.3103945553302765,0.2928406596183777,-0.13239537179470062,0,0,1,0,1,static,0,0
y9z6_Math,y9z6,Math,audio_only,0.7060322761535645,-0.7749930620193481,0.5464749336242676,0.6794821619987488,1,1,1,1,1,static,0,0
y9z6_Reading,y9z6,Reading,audio_only,0.7102863192558289,-0.40241169929504395,-0.7803008556365967,0.2323814034461975,0,1,1,1,1,static,0,0
y9z6_Relax,y9z6,Relax,audio_only,0.42492884397506714,0.21396532654762268,0.2887002229690552,-0.5290986895561218,0,0,1,0,1,static,0,0
y9z6_Speaking,y9z6,Speaking,audio_only,0.7470368146896362,-1.7398544549942017,-0.007699795067310333,-0.12797324359416962,1,2,1,1,1,static,0,0
y9z6_Stroop,y9z6,Stroop,audio_only,0.6614789962768555,-0.4598613977432251,-0.7449234127998352,-0.47345829010009766,1,1,1,1,1,static,0,0
71i5_Breathing,71i5,Breathing,video_only,0.1831711083650589,0.25716477632522583,0.47562360763549805,-0.19425085186958313,1,0,1,0,1,static,0,0
71i5_Math,71i5,Math,video_only,0.30229106545448303,-0.13950908184051514,0.542206346988678,0.26235973834991455,1,2,1,1,1,static,0,0
71i5_Reading,71i5,Reading,video_only,0.31994280219078064,0.2928401827812195,-0.7743710875511169,-0.2463575303554535,0,0,1,1,1,static,0,0
71i5_Relax,71i5,Relax,video_only,0.3591303825378418,0.033874478191137314,0.4644260108470917,-0.4370378851890564,0,0,1,0,1,static,0,0
71i5_Speaking,71i5,Speaking,video_only,0.3409673869609833,-1.0646203756332397,0.07310911267995834,-0.48221737146377563,0,0,1,1,1,static,0,0
71i5_Stroop,71i5,Stroop,video_only,0.24441397190093994,0.22370019555091858,-0.6563594937324524,-0.8586320281028748,1,2,1,1,1,static,0,0
cxj0_Breathing,cxj0,Breathing,video_only,0.18488574028015137,0.1770365834236145,0.41374996304512024,-0.05867438763380051,1,2,1,0,1,static,0,0
cxj0_Math,cxj0,Math,video_only,0.28862181305885315,-0.03715846315026283,0.5925862193107605,0.1930648386478424,1,2,1,1,1,static,0,0
cxj0_Reading,cxj0,Reading,video_only,0.29825931787490845,0.383269727230072,-0.7194238305091858,-0.240591362118721,0,0,1,1,1,static,0,0
cxj0_Relax,cxj0,Relax,video_only,0.38681644201278687,0.01714811846613884,0.3954603672027588,-0.368787944316864,0,0,1,0,1,static,0,0
cxj0_Speaking,cxj0,Speaking,video_only,0.3372887372970581,-0.9060178399085999,0.11486737430095673,-0.6114367246627808,0,1,1,1,1,static,0,0
cxj0_Stroop,cxj0,Stroop,video_only,0.239919975399971,0.23442919552326202,-0.5632845759391785,-0.8228667974472046,1,2,1,1,1,static,0,0
r5s8_Breathing,r5s8,Breathing,video_only,0.1760028451681137,0.11916771531105042,0.5212772488594055,-0.0960598960518837,0,1,1,0,1,static,0,0
r5s8_Math,r5s8,Math,video_only,0.3227635622024536,-0.06460748612880707,0.5035050511360168,0.22210320830345154,0,1,1,1,1,static,0,0
r5s8_Reading,r5s8,Reading,video_only,0.29257744550704956,0.3448423743247986,-0.6843131184577942,-0.2531048357486725,1,1,1,1,1,static,0,0
r5s8_Relax,r5s8,Relax,video_only,0.3670177757740021,-0.00639733299612999,0.5075139403343201,-0.44984859228134155,1,1,1,0,1,static,0,0
r5s8_Speaking,r5s8,Speaking,video_only,0.3432711064815521,-0.893484890460968,0.10199834406375885,-0.5703148245811462,0,1,1,1,1,static,0,0
r5s8_Stroop,r5s8,Stroop,video_only,0.28649890422821045,0.26853516697883606,-0.7303744554519653,-0.943367063999176,1,1,1,1,1,static,0,0
y9z6_Breathing,y9z6,Breathing,video_only,0.22077204287052155,0.12534531950950623,0.38160383701324463,-0.09804704785346985,0,0,1,0,1,static,0,0
y9z6_Math,y9z6,Math,video_only,0.3205656111240387,0.018560368567705154,0.5244936943054199,0.11610496789216995,1,1,1,1,1,static,0,0
y9z6_Reading,y9z6,Reading,video_only,0.3733239769935608,0.2350548803806305,-0.8914465308189392,-0.20293989777565002,0,1,1,1,1,static,0,0
y9z6_Relax,y9z6,Relax,video_only,0.4222767651081085,-0.10127808153629303,0.31495776772499084,-0.35862940549850464,0,0,1,0,1,static,0,0
y9z6_Speaking,y9z6,Speaking,video_only,0.381773978471756,-0.9966506958007812,-0.05238737910985947,-0.6114873886108398,1,2,1,1,1,static,0,0
y9z6_Stroop,y9z6,Stroop,video_only,0.2988281548023224,0.24987782537937164,-0.7240573763847351,-0.9214202761650085,1,1,1,1,1,static,0,0
6g6y_Breathing,6g6y,Breathing,full,0.1683550328016281,0.7440995573997498,0.4027608633041382,-0.1446213722229004,0,0,1,0,1,static,0,1
6g6y_Math,6g6y,Math,full,0.44614383578300476,-0.3056158125400543,0.769232988357544,0.40414854884147644,1,2,1,1,1,static,0,1
6g6y_Reading,6g6y,Reading,full,0.37085047364234924,0.44883570075035095,-0.8241637945175171,-0.18384666740894318,1,2,1,1,1,static,0,1
6g6y_Relax,6g6y,Relax,full,0.36257076263427734,0.6585901975631714,0.3576053977012634,-0.5889771580696106,0,0,1,0,1,static,0,1
6g6y_Speaking,6g6y,Speaking,full,0.37317028641700745,-0.8677209615707397,-0.07006022334098816,-0.4787359833717346,1,2,1,1,1,static,0,1
6g6y_Stroop,6g6y,Stroop,full,0.38631224632263184,0.16131144762039185,-0.4738466739654541,-0.8257527351379395,1,2,1,1,1,static,0,1
9txq_Breathing,9txq,Breathing,full,0.20074491202831268,0.581871747970581,0.21952787041664124,-0.23565298318862915,0,0,1,0,1,static,0,1
9txq_Math,9txq,Math,full,0.6556339263916016,-0.9682177305221558,0.535564124584198,0.6793876886367798,1,2,1,1,1,static,0,1
9txq_Reading,9txq,Reading,full,0.6623388528823853,-0.601015031337738,-0.7880023717880249,0.27785053849220276,0,1,1,1,1,static,0,1
9txq_Relax,9txq,Relax,full,0.4412896931171417,0.3379300832748413,0.08994049578905106,-0.5400204658508301,0,0,1,0,1,static,0,1
9txq_Speaking,9txq,Speaking,full,0.6829267740249634,-1.7772315740585327,-0.12416717410087585,-0.07254384458065033,1,2,1,1,1,static,0,1
9txq_Stroop,9txq,Stroop,full,0.6137952208518982,-0.6138896942138672,-0.5423740744590759,-0.48173776268959045,1,2,1,1,1,static,0,1
p9i3_Breathing,p9i3,Breathing,full,0.2617895007133484,0.28855109214782715,0.3268890380859375,-0.09265678375959396,0,0,1,0,1,static,0,1
p9i3_Math,p9i3,Math,full,0.5268473625183105,-0.4836147129535675,0.7553300857543945,0.4046328067779541,1,1,1,1,1,static,0,1
p9i3_Reading,p9i3,Reading,full,0.398515522480011,0.41380003094673157,-0.8242715001106262,-0.2087828367948532,0,0,1,1,1,static,0,1
p9i3_Relax,p9i3,Relax,full,0.39059415459632874,0.603309154510498,0.39314788579940796,-0.5883342027664185,0,0,1,0,1,static,0,1
p9i3_Speaking,p9i3,Speaking,full,0.6334907412528992,-1.6877843141555786,0.09072063863277435,-0.21979178488254547,1,1,1,1,1,static,0,1
p9i3_Stroop,p9i3,Stroop,full,0.52662593126297,-0.31930166482925415,-0.4878966212272644,-0.586970329284668,1,1,1,1,1,static,0,1
x1q3_Breathing,x1q3,Breathing,full,0.16949817538261414,0.6989332437515259,0.30614596605300903,-0.23685188591480255,0,0,1,0,1,static,0,1
x1q3_Math,x1q3,Math,full,0.6143709421157837,-0.869411826133728,0.6578636765480042,0.6776389479637146,1,0,1,1,1,static,0,1
x1q3_Reading,x1q3,Reading,full,0.6406437158584595,-0.6063075661659241,-0.5609854459762573,0.20994362235069275,1,2,1,1,1,static,0,1
x1q3_Relax,x1q3,Relax,full,0.37109431624412537,0.5167794823646545,0.4052302837371826,-0.566506564617157,0,0,1,0,1,static,0,1
x1q3_Speaking,x1q3,Speaking,full,0.6781024932861328,-1.8368481397628784,0.04538571089506149,-0.06999655067920685,1,2,1,1,1,static,0,1
x1q3_Stroop,x1q3,Stroop,full,0.5532538294792175,-0.4477265477180481,-0.4936193823814392,-0.48293036222457886,1,2,1,1,1,static,0,1
6g6y_Breathing,6g6y,Breathing,no_physio,0.20682553946971893,0.20418018102645874,0.5028911828994751,-0.0534999817609787,0,0,1,0,1,static,0,1
6g6y_Math,6g6y,Math,no_physio,0.4866715669631958,-0.7660412192344666,0.9599223732948303,0.5648229718208313,1,2,1,1,1,static,0,1
6g6y_Reading,6g6y,Reading,no_physio,0.4319823384284973,-0.13621041178703308,-0.6571780443191528,0.07049837708473206,1,2,1,1,1,static,0,1
6g6y_Relax,6g6y,Relax,no_physio,0.38653767108917236,0.11313699185848236,0.5383808612823486,-0.46210241317749023,0,0,1,0,1,static,0,1
6g6y_Speaking,6g6y,Speaking,no_physio,0.4342457950115204,-1.3742284774780273,0.1335580050945282,-0.16897177696228027,1,2,1,1,1,static,0,1
6g6y_Stroop,6g6y,Stroop,no_physio,0.44364845752716064,-0.37380093336105347,-0.2645234167575836,-0.581498920917511,1,2,1,1,1,static,0,1
9txq_Breathing,9txq,Breathing,no_physio,0.2025277018547058,0.07211285084486008,0.5634515285491943,-0.0738830417394638,0,0,1,0,1,static,0,1
9txq_Math,9txq,Math,no_physio,0.5336122512817383,-0.9011238813400269,0.8707594871520996,0.525951623916626,1,2,1,1,1,static,0,1
9txq_Reading,9txq,Reading,no_physio,0.5258578658103943,-0.5646621584892273,-0.49092328548431396,0.10868333280086517,0,1,1,1,1,static,0,1
9txq_Relax,9txq,Relax,no_physio,0.40058282017707825,-0.051489271223545074,0.5725354552268982,-0.46247053146362305,0,0,1,0,1,static,0,1
9txq_Speaking,9txq,Speaking,no_physio,0.5525341033935547,-1.7503045797348022,0.18770183622837067,-0.19133591651916504,1,2,1,1,1,static,0,1
9txq_Stroop,9txq,Stroop,no_physio,0.49744370579719543,-0.5993525981903076,-0.22726815938949585,-0.6374309062957764,1,2,1,1,1,static,0,1
p9i3_Breathing,p9i3,Breathing,no_physio,0.21456900238990784,0.0913284569978714,0.5144343376159668,-0.05967537313699722,0,0,1,0,1,static,0,1
p9i3_Math,p9i3,Math,no_physio,0.5461106300354004,-0.8085077404975891,0.8671767711639404,0.55381840467453,1,1,1,1,1,static,0,1
p9i3_Reading,p9i3,Reading,no_physio,0.5593255758285522,-0.5229584574699402,-0.6682656407356262,0.15005841851234436,0,0,1,1,1,static,0,1
p9i3_Relax,p9i3,Relax,no_physio,0.4153614342212677,0.02318154275417328,0.5660232901573181,-0.44213154911994934,0,0,1,0,1,static,0,1
p9i3_Speaking,p9i3,Speaking,no_physio,0.5874781608581543,-1.792005181312561,0.19255496561527252,-0.1863960325717926,1,1,1,1,1,static,0,1
p9i3_Stroop,p9i3,Stroop,no_physio,0.5228615403175354,-0.5552459359169006,-0.37548694014549255,-0.5095794200897217,1,1,1,1,1,static,0,1
x1q3_Breathing,x1q3,Breathing,no_physio,0.22194555401802063,0.04025351256132126,0.46687084436416626,-0.09984100610017776,0,0,1,0,1,static,0,1
x1q3_Math,x1q3,Math,no_physio,0.535341203212738,-0.8962835073471069,0.8398277759552002,0.6217495203018188,1,0,1,1,1,static,0,1
x1q3_Reading,x1q3,Reading,no_physio,0.5276587009429932,-0.5904574990272522,-0.2866117060184479,0.07040136307477951,1,2,1,1,1,static,0,1
x1q3_Relax,x1q3,Relax,no_physio,0.44612812995910645,-0.16734722256660461,0.5221981406211853,-0.5149803161621094,0,0,1,0,1,static,0,1
x1q3_Speaking,x1q3,Speaking,no_physio,0.5728164911270142,-1.7907129526138306,0.37384524941444397,-0.2532074451446533,1,2,1,1,1,static,0,1
x1q3_Stroop,x1q3,Stroop,no_physio,0.4955384135246277,-0.5200140476226807,-0.3296884596347809,-0.5300819873809814,1,2,1,1,1,static,0,1
6g6y_Breathing,6g6y,Breathing,no_audio,0.1683550328016281,0.7440995573997498,0.4027608633041382,-0.1446213722229004,0,0,1,0,1,static,0,1
6g6y_Math,6g6y,Math,no_audio,0.3087072968482971,0.46935173869132996,0.4612604081630707,0.1397458165884018,1,2,1,1,1,static,0,1
6g6y_Reading,6g6y,Reading,no_audio,0.26374873518943787,1.053676724433899,-0.8221464157104492,-0.4312678575515747,1,2,1,1,1,static,0,1
6g6y_Relax,6g6y,Relax,no_audio,0.36257076263427734,0.6585901975631714,0.3576053977012634,-0.5889771580696106,0,0,1,0,1,static,0,1
6g6y_Speaking,6g6y,Speaking,no_audio,0.2915860116481781,-0.3357488214969635,-0.1120675802230835,-0.7805588245391846,1,2,1,1,1,static,0,1
6g6y_Stroop,6g6y,Stroop,no_audio,0.2590973377227783,0.9296720027923584,-0.7481573224067688,-1.0824754238128662,1,2,1,1,1,static,0,1
9txq_Breathing,9txq,Breathing,no_audio,0.20074491202831268,0.581871747970581,0.21952787041664124,-0.23565298318862915,0,0,1,0,1,static,0,1
9txq_Math,9txq,Math,no_audio,0.5254549384117126,-0.3995794653892517,0.15452086925506592,0.41283079981803894,1,2,1,1,1,static,0,1
9txq_Reading,9txq,Reading,no_audio,0.5410885810852051,-0.03908900171518326,-1.0674606561660767,-0.05160902440547943,0,1,1,1,1,static,0,1
9txq_Relax,9txq,Relax,no_audio,0.4412896931171417,0.3379300832748413,0.08994049578905106,-0.5400204658508301,0,0,1,0,1,static,0,1
9txq_Speaking,9txq,Speaking,no_audio,0.5283492803573608,-1.135949730873108,-0.3509269952774048,-0.5694136619567871,1,2,1,1,1,static,0,1
9txq_Stroop,9txq,Stroop,no_audio,0.44663265347480774,0.16973039507865906,-0.9840618371963501,-0.9296324849128723,1,2,1,1,1,static,0,1
p9i3_Breathing,p9i3,Breathing,no_audio,0.2617895007133484,0.28855109214782715,0.3268890380859375,-0.09265678375959396,0,0,1,0,1,static,0,1
p9i3_Math,p9i3,Math,no_audio,0.3185526132583618,0.4076864719390869,0.47564584016799927,0.08354383707046509,1,1,1,1,1,static,0,1
p9i3_Reading,p9i3,Reading,no_audio,0.23868751525878906,1.1020556688308716,-0.7119015455245972,-0.508277952671051,0,0,1,1,1,static,0,1
p9i3_Relax,p9i3,Relax,no_audio,0.39059415459632874,0.603309154510498,0.39314788579940796,-0.5883342027664185,0,0,1,0,1,static,0,1
p9i3_Speaking,p9i3,Speaking,no_audio,0.4025978147983551,-0.6665025353431702,-0.10940191149711609,-0.8101705312728882,1,1,1,1,1,static,0,1
p9i3_Stroop,p9i3,Stroop,no_audio,0.29085251688957214,0.7520046830177307,-0.7204248309135437,-1.0743757486343384,1,1,1,1,1,static,0,1
x1q3_Breathing,x1q3,Breathing,no_audio,0.16949817538261414,0.6989332437515259,0.30614596605300903,-0.23685188591480255,0,0,1,0,1,static,0,1
x1q3_Math,x1q3,Math,no_audio,0.42432644963264465,0.0011187288910150528,0.32586202025413513,0.2913834750652313,1,0,1,1,1,static,0,1
x1q3_Reading,x1q3,Reading,no_audio,0.4946427047252655,0.18236932158470154,-0.9843740463256836,-0.1926518976688385,1,2,1,1,1,static,0,1
x1q3_Relax,x1q3,Relax,no_audio,0.37109431624412537,0.5167794823646545,0.4052302837371826,-0.566506564617157,0,0,1,0,1,static,0,1
x1q3_Speaking,x1q3,Speaking,no_audio,0.5914713144302368,-1.3998544216156006,-0.35835495591163635,-0.335964560508728,1,2,1,1,1,static,0,1
x1q3_Stroop,x1q3,Stroop,no_audio,0.3489496111869812,0.44287049770355225,-0.8675084114074707,-0.9151071906089783,1,2,1,1,1,static,0,1
6g6y_Breathing,6g6y,Breathing,no_video,0.19078686833381653,0.7799638509750366,0.39929765462875366,-0.23999711871147156,0,0,1,0,1,static,0,1
6g6y_Math,6g6y,Math,no_video,0.5327180027961731,-0.6790316700935364,0.8413487672805786,0.4104245603084564,1,2,1,1,1,static,0,1
6g6y_Reading,6g6y,Reading,no_video,0.4642670750617981,0.10356645286083221,-0.7725721001625061,-0.19153176248073578,1,2,1,1,1,static,0,1
6g6y_Relax,6g6y,Relax,no_video,0.41961830854415894,0.6013155579566956,0.39852598309516907,-0.6906666159629822,0,0,1,0,1,static,0,1
6g6y_Speaking,6g6y,Speaking,no_video,0.48989734053611755,-1.3314543962478638,0.02534407377243042,-0.4944600462913513,1,2,1,1,1,static,0,1
6g6y_Stroop,6g6y,Stroop,no_video,0.45960330963134766,-0.2393452525138855,-0.4161587655544281,-0.8517248034477234,1,2,1,1,1,static,0,1
9txq_Breathing,9txq,Breathing,no_video,0.2685386836528778,0.5320903062820435,0.23028475046157837,-0.22701247036457062,0,0,1,0,1,static,0,1
9txq_Math,9txq,Math,no_video,0.6986843347549438,-0.9691407680511475,0.5627602338790894,0.750126302242279,1,2,1,1,1,static,0,1
9txq_Reading,9txq,Reading,no_video,0.6974822282791138,-0.566213071346283,-0.7840093970298767,0.2829079031944275,0,1,1,1,1,static,0,1
9txq_Relax,9txq,Relax,no_video,0.5843386054039001,0.163580983877182,0.1970086246728897,-0.5099998116493225,0,0,1,0,1,static,0,1
9txq_Speaking,9txq,Speaking,no_video,0.723543107509613,-1.8429125547409058,-0.08542011678218842,-0.0423150360584259,1,2,1,1,1,static,0,1
9txq_Stroop,9txq,Stroop,no_video,0.6528747081756592,-0.6107126474380493,-0.5623825788497925,-0.4455658793449402,1,2,1,1,1,static,0,1
p9i3_Breathing,p9i3,Breathing,no_video,0.30892252922058105,0.1693533957004547,0.280571311712265,-0.022957375273108482,0,0,1,0,1,static,0,1
p9i3_Math,p9i3,Math,no_video,0.5992968082427979,-0.7337446808815002,0.7673497200012207,0.5899322032928467,1,1,1,1,1,static,0,1
p9i3_Reading,p9i3,Reading,no_video,0.4856959283351898,0.29167717695236206,-0.8557246923446655,-0.19577741622924805,0,0,1,1,1,static,0,1
p9i3_Relax,p9i3,Relax,no_video,0.4390997886657715,0.5067473649978638,0.389846533536911,-0.6472946405410767,0,0,1,0,1,static,0,1
p9i3_Speaking,p9i3,Speaking,no_video,0.6670638918876648,-1.8052291870117188,0.0962073802947998,-0.20733742415905,1,1,1,1,1,static,0,1
p9i3_Stroop,p9i3,Stroop,no_video,0.5786694884300232,-0.4410702586174011,-0.4883972406387329,-0.5509485006332397,1,1,1,1,1,static,0,1
x1q3_Breathing,x1q3,Breathing,no_video,0.20885388553142548,0.7811762094497681,0.3284401297569275,-0.30808204412460327,0,0,1,0,1,static,0,1
x1q3_Math,x1q3,Math,no_video,0.6717960238456726,-0.947221577167511,0.7029872536659241,0.7028730511665344,1,0,1,1,1,static,0,1
x1q3_Reading,x1q3,Reading,no_video,0.683473527431488,-0.5818672776222229,-0.5877695679664612,0.21617937088012695,1,2,1,1,1,static,0,1
x1q3_Relax,x1q3,Relax,no_video,0.43549594283103943,0.48142850399017334,0.4013669490814209,-0.6545885801315308,0,0,1,0,1,static,0,1
x1q3_Speaking,x1q3,Speaking,no_video,0.7244603633880615,-1.8368639945983887,0.06400910019874573,-0.052295342087745667,1,2,1,1,1,static,0,1
x1q3_Stroop,x1q3,Stroop,no_video,0.6095552444458008,-0.5319452285766602,-0.4620589017868042,-0.501217782497406,1,2,1,1,1,static,0,1
6g6y_Breathing,6g6y,Breathing,physio_only,0.19078686833381653,0.7799638509750366,0.39929765462875366,-0.23999711871147156,0,0,1,0,1,static,0,1
6g6y_Math,6g6y,Math,physio_only,0.3598189055919647,0.3731294274330139,0.4551490545272827,0.0655154138803482,1,2,1,1,1,static,0,1
6g6y_Reading,6g6y,Reading,physio_only,0.3085688650608063,1.0353960990905762,-0.888998806476593,-0.5778295993804932,1,2,1,1,1,static,0,1
6g6y_Relax,6g6y,Relax,physio_only,0.41961830854415894,0.6013155579566956,0.39852598309516907,-0.6906666159629822,0,0,1,0,1,static,0,1
6g6y_Speaking,6g6y,Speaking,physio_only,0.3519940972328186,-0.4571448564529419,-0.08859339356422424,-0.9657936692237854,1,2,1,1,1,static,0,1
6g6y_Stroop,6g6y,Stroop,physio_only,0.2963280975818634,0.8335310816764832,-0.7350069880485535,-1.174188494682312,1,2,1,1,1,static,0,1
9txq_Breathing,9txq,Breathing,physio_only,0.2685386836528778,0.5320903062820435,0.23028475046157837,-0.22701247036457062,0,0,1,0,1,static,0,1
9txq_Math,9txq,Math,physio_only,0.6401364803314209,-0.5089125633239746,0.29795554280281067,0.5175612568855286,1,2,1,1,1,static,0,1
9txq_Reading,9txq,Reading,physio_only,0.6570155620574951,-0.12787199020385742,-0.9704248905181885,0.0611768513917923,0,1,1,1,1,static,0,1
9txq_Relax,9txq,Relax,physio_only,0.5843386054039001,0.163580983877182,0.1970086246728897,-0.5099998116493225,0,0,1,0,1,static,0,1
9txq_Speaking,9txq,Speaking,physio_only,0.6663364171981812,-1.3589539527893066,-0.25762826204299927,-0.38263940811157227,1,2,1,1,1,static,0,1
9txq_Stroop,9txq,Stroop,physio_only,0.5629879832267761,0.001180863007903099,-0.8981539607048035,-0.7625396847724915,1,2,1,1,1,static,0,1
p9i3_Breathing,p9i3,Breathing,physio_only,0.30892252922058105,0.1693533957004547,0.280571311712265,-0.022957375273108482,0,0,1,0,1,static,0,1
p9i3_Math,p9i3,Math,physio_only,0.36062702536582947,0.28628718852996826,0.48000505566596985,0.10073250532150269,1,1,1,1,1,static,0,1
p9i3_Reading,p9i3,Reading,physio_only,0.26495182514190674,1.2202272415161133,-0.7689741253852844,-0.5907377600669861,0,0,1,1,1,static,0,1
p9i3_Relax,p9i3,Relax,physio_only,0.4390997886657715,0.5067473649978638,0.389846533536911,-0.6472946405410767,0,0,1,0,1,static,0,1
p9i3_Speaking,p9i3,Speaking,physio_only,0.46549007296562195,-0.9712889194488525,-0.09667366743087769,-0.7423772215843201,1,1,1,1,1,static,0,1
p9i3_Stroop,p9i3,Stroop,physio_only,0.33447155356407166,0.6017332077026367,-0.7396789789199829,-1.0968700647354126,1,1,1,1,1,static,0,1
x1q3_Breathing,x1q3,Breathing,physio_only,0.20885388553142548,0.7811762094497681,0.3284401297569275,-0.30808204412460327,0,0,1,0,1,static,0,1
x1q3_Math,x1q3,Math,physio_only,0.5206878781318665,-0.20706644654273987,0.4474249482154846,0.32638442516326904,1,0,1,1,1,static,0,1
x1q3_Reading,x1q3,Reading,physio_only,0.6109620332717896,0.02785942330956459,-0.9563779830932617,-0.05152684450149536,1,2,1,1,1,static,0,1
x1q3_Relax,x1q3,Relax,physio_only,0.43549594283103943,0.48142850399017334,0.4013669490814209,-0.6545885801315308,0,0,1,0,1,static,0,1
x1q3_Speaking,x1q3,Speaking,physio_only,0.7164772152900696,-1.4728065729141235,-0.22774776816368103,-0.24652357399463654,1,2,1,1,1,static,0,1
x1q3_Stroop,x1q3,Stroop,physio_only,0.4378340542316437,0.2813073992729187,-0.7822080254554749,-0.9418073892593384,1,2,1,1,1,static,0,1
6g6y_Breathing,6g6y,Breathing,audio_only,0.2928144931793213,0.20034822821617126,0.18364617228507996,-0.07151471078395844,0,0,1,0,1,static,0,1
6g6y_Math,6g6y,Math,audio_only,0.5734955668449402,-1.047391414642334,0.9184262156486511,0.5579359531402588,1,2,1,1,1,static,0,1
6g6y_Reading,6g6y,Reading,audio_only,0.5234463810920715,-0.2982397675514221,-0.7793276906013489,0.09020528197288513,1,2,1,1,1,static,0,1
6g6y_Relax,6g6y,Relax,audio_only,0.5357614159584045,0.09164990484714508,0.21816499531269073,-0.5219420194625854,0,0,1,0,1,static,0,1
6g6y_Speaking,6g6y,Speaking,audio_only,0.552830696105957,-1.699993371963501,0.023838594555854797,-0.14421173930168152,1,2,1,1,1,static,0,1
6g6y_Stroop,6g6y,Stroop,audio_only,0.5197710990905762,-0.6032285094261169,-0.3648776710033417,-0.6756963133811951,1,2,1,1,1,static,0,1
9txq_Breathing,9txq,Breathing,audio_only,0.2928144931793213,0.20034822821617126,0.18364617228507996,-0.07151471078395844,0,0,1,0,1,static,0,1
9txq_Math,9txq,Math,audio_only,0.6565353870391846,-0.9344640374183655,0.6807012557983398,0.6785100698471069,1,2,1,1,1,static,0,1
9txq_Reading,9txq,Reading,audio_only,0.6308073997497559,-0.545928418636322,-0.7779422998428345,0.14733918011188507,0,1,1,1,1,static,0,1
9txq_Relax,9txq,Relax,audio_only,0.5357614159584045,0.09164990484714508,0.21816499531269073,-0.5219420194625854,0,0,1,0,1,static,0,1
9txq_Speaking,9txq,Speaking,audio_only,0.6611064672470093,-1.876002311706543,-0.06873436272144318,-0.1547841727733612,1,2,1,1,1,static,0,1
9txq_Stroop,9txq,Stroop,audio_only,0.5995979309082031,-0.6142301559448242,-0.463575541973114,-0.5820552110671997,1,2,1,1,1,static,0,1
p9i3_Breathing,p9i3,Breathing,audio_only,0.2928144931793213,0.20034822821617126,0.18364617228507996,-0.07151471078395844,0,0,1,0,1,static,0,1
p9i3_Math,p9i3,Math,audio_only,0.6547960638999939,-0.9159499406814575,0.6236765384674072,0.7325628995895386,1,1,1,1,1,static,0,1
p9i3_Reading,p9i3,Reading,audio_only,0.6305226683616638,-0.5024538040161133,-0.9454770088195801,0.21430091559886932,0,0,1,1,1,static,0,1
p9i3_Relax,p9i3,Relax,audio_only,0.5357614159584045,0.09164990484714508,0.21816499531269073,-0.5219420194625854,0,0,1,0,1,static,0,1
p9i3_Speaking,p9i3,Speaking,audio_only,0.6557948589324951,-1.8534895181655884,-0.026635684072971344,-0.1947280764579773,1,1,1,1,1,static,0,1
p9i3_Stroop,p9i3,Stroop,audio_only,0.6090307235717773,-0.5612925291061401,-0.6079764366149902,-0.46741271018981934,1,1,1,1,1,static,0,1
x1q3_Breathing,x1q3,Breathing,audio_only,0.2928144931793213,0.20034822821617126,0.18364617228507996,-0.07151471078395844,0,0,1,0,1,static,0,1
x1q3_Math,x1q3,Math,audio_only,0.6511938571929932,-0.9721908569335938,0.6788173317909241,0.6923123002052307,1,0,1,1,1,static,0,1
x1q3_Reading,x1q3,Reading,audio_only,0.6273732781410217,-0.5923887491226196,-0.5067223310470581,0.08770348131656647,1,2,1,1,1,static,0,1
x1q3_Relax,x1q3,Relax,audio_only,0.5357614159584045,0.09164990484714508,0.21816499531269073,-0.5219420194625854,0,0,1,0,1,static,0,1
x1q3_Speaking,x1q3,Speaking,audio_only,0.6677565574645996,-1.8397148847579956,0.18321684002876282,-0.2175896316766739,1,2,1,1,1,static,0,1
x1q3_Stroop,x1q3,Stroop,audio_only,0.600563645362854,-0.5767865777015686,-0.4760568141937256,-0.5272369980812073,1,2,1,1,1,static,0,1
6g6y_Breathing,6g6y,Breathing,video_only,0.20682553946971893,0.20418018102645874,0.5028911828994751,-0.0534999817609787,0,0,1,0,1,static,0,1
6g6y_Math,6g6y,Math,video_only,0.3205428719520569,-0.05552917718887329,0.6613343954086304,0.2498859167098999,1,2,1,1,1,static,0,1
6g6y_Reading,6g6y,Reading,video_only,0.29448994994163513,0.44583845138549805,-0.5939140319824219,-0.3042600154876709,1,2,1,1,1,static,0,1
6g6y_Relax,6g6y,Relax,video_only,0.38653767108917236,0.11313699185848236,0.5383808612823486,-0.46210241317749023,0,0,1,0,1,static,0,1
6g6y_Speaking,6g6y,Speaking,video_only,0.3235599994659424,-0.8078126907348633,0.09937938302755356,-0.5743833780288696,1,2,1,1,1,static,0,1
6g6y_Stroop,6g6y,Stroop,video_only,0.27814602851867676,0.35471585392951965,-0.567947506904602,-0.9426092505455017,1,2,1,1,1,static,0,1
9txq_Breathing,9txq,Breathing,video_only,0.2025277018547058,0.07211285084486008,0.5634515285491943,-0.0738830417394638,0,0,1,0,1,static,0,1
9txq_Math,9txq,Math,video_only,0.3185538351535797,-0.19312605261802673,0.6272014379501343,0.22415733337402344,1,2,1,1,1,static,0,1
9txq_Reading,9txq,Reading,video_only,0.29664167761802673,0.3615001440048218,-0.5805350542068481,-0.38734567165374756,0,1,1,1,1,static,0,1
9txq_Relax,9txq,Relax,video_only,0.40058282017707825,-0.051489271223545074,0.5725354552268982,-0.46247053146362305,0,0,1,0,1,static,0,1
9txq_Speaking,9txq,Speaking,video_only,0.3296935260295868,-0.8760040998458862,0.14888064563274384,-0.7050797939300537,1,2,1,1,1,static,0,1
9txq_Stroop,9txq,Stroop,video_only,0.28036147356033325,0.23849475383758545,-0.4998931288719177,-1.0626499652862549,1,2,1,1,1,static,0,1
p9i3_Breathing,p9i3,Breathing,video_only,0.21456900238990784,0.0913284569978714,0.5144343376159668,-0.05967537313699722,0,0,1,0,1,static,0,1
p9i3_Math,p9i3,Math,video_only,0.3347468674182892,-0.0643276497721672,0.6189781427383423,0.20036810636520386,1,1,1,1,1,static,0,1
p9i3_Reading,p9i3,Reading,video_only,0.31326824426651,0.4176468551158905,-0.6033576130867004,-0.38796401023864746,0,0,1,1,1,static,0,1
p9i3_Relax,p9i3,Relax,video_only,0.4153614342212677,0.02318154275417328,0.5660232901573181,-0.44213154911994934,0,0,1,0,1,static,0,1
p9i3_Speaking,p9i3,Speaking,video_only,0.36002102494239807,-0.8828563094139099,0.09151110798120499,-0.6550326347351074,1,1,1,1,1,static,0,1
p9i3_Stroop,p9i3,Stroop,video_only,0.29134029150009155,0.29922229051589966,-0.5530595183372498,-0.9744997024536133,1,1,1,1,1,static,0,1
x1q3_Breathing,x1q3,Breathing,video_only,0.22194555401802063,0.04025351256132126,0.46687084436416626,-0.09984100610017776,0,0,1,0,1,static,0,1
x1q3_Math,x1q3,Math,video_only,0.33746904134750366,-0.13114646077156067,0.5781573057174683,0.23250684142112732,1,0,1,1,1,static,0,1
x1q3_Reading,x1q3,Reading,video_only,0.316274493932724,0.3402785658836365,-0.6107128262519836,-0.416584849357605,1,2,1,1,1,static,0,1
x1q3_Relax,x1q3,Relax,video_only,0.44612812995910645,-0.16734722256660461,0.5221981406211853,-0.5149803161621094,0,0,1,0,1,static,0,1
x1q3_Speaking,x1q3,Speaking,video_only,0.3757531940937042,-1.0051543712615967,0.08763131499290466,-0.6587566137313843,1,2,1,1,1,static,0,1
x1q3_Stroop,x1q3,Stroop,video_only,0.28613707423210144,0.26242390275001526,-0.5909234285354614,-0.9624238610267639,1,2,1,1,1,static,0,1
4woj_Breathing,4woj,Breathing,full,0.1683150976896286,0.8190844058990479,0.18100734055042267,-0.19530582427978516,0,0,1,0,1,static,0,2
4woj_Math,4woj,Math,full,0.7367913126945496,-0.8665776252746582,0.4011000096797943,0.7836151719093323,0,0,1,1,1,static,0,2
4woj_Reading,4woj,Reading,full,0.6249932646751404,-0.1918933242559433,-1.2682875394821167,0.3044296205043793,1,2,1,1,1,static,0,2
4woj_Relax,4woj,Relax,full,0.3272317349910736,0.7437397241592407,0.28628820180892944,-0.6028570532798767,0,0,1,0,1,static,0,2
4woj_Speaking,4woj,Speaking,full,0.5742077231407166,-1.1366093158721924,-0.39237257838249207,-0.3893921375274658,1,2,1,1,1,static,0,2
4woj_Stroop,4woj,Stroop,full,0.6142032742500305,-0.23974663019180298,-0.9143306612968445,-0.47525233030319214,0,0,1,1,1,static,0,2
9t6n_Breathing,9t6n,Breathing,full,0.15673287212848663,0.7742010951042175,0.21656006574630737,-0.24514929950237274,0,1,1,0,1,static,0,2
9t6n_Math,9t6n,Math,full,0.7037137150764465,-0.9919893741607666,0.5546838641166687,0.7021160125732422,1,2,1,1,1,static,0,2
9t6n_Reading,9t6n,Reading,full,0.661435067653656,-0.42329421639442444,-0.9034547209739685,0.1452983319759369,1,2,1,1,1,static,0,2
9t6n_Relax,9t6n,Relax,full,0.4057042896747589,0.4851882755756378,0.038482218980789185,-0.6373727321624756,0,0,1,0,1,static,0,2
9t6n_Speaking,9t6n,Speaking,full,0.7222525477409363,-1.7075672149658203,-0.15207669138908386,-0.07753509283065796,1,2,1,1,1,static,0,2
9t6n_Stroop,9t6n,Stroop,full,0.6582335233688354,-0.571594774723053,-0.6932298541069031,-0.4253726303577423,1,2,1,1,1,static,0,2
m8g5_Breathing,m8g5,Breathing,full,0.2244788557291031,0.5963040590286255,0.09299056231975555,-0.17201419174671173,0,0,1,0,1,static,0,2
m8g5_Math,m8g5,Math,full,0.7026860117912292,-1.0048037767410278,0.34339219331741333,0.8509555459022522,0,0,1,1,1,static,0,2
m8g5_Reading,m8g5,Reading,full,0.7186648845672607,-0.5383895039558411,-0.806029200553894,0.2433335930109024,1,2,1,1,1,static,0,2
m8g5_Relax,m8g5,Relax,full,0.3205348253250122,0.8042896389961243,0.2891487777233124,-0.6897022128105164,0,0,1,0,1,static,0,2
m8g5_Speaking,m8g5,Speaking,full,0.7251204252243042,-1.4797680377960205,-0.14611536264419556,-0.1816772073507309,0,1,1,1,1,static,0,2
m8g5_Stroop,m8g5,Stroop,full,0.6604471802711487,-0.3687727153301239,-0.6819233894348145,-0.5292485356330872,1,2,1,1,1,static,0,2
w2t5_Breathing,w2t5,Breathing,full,0.17318031191825867,0.8398617506027222,0.18714672327041626,-0.323326051235199,0,0,1,0,1,static,0,2
w2t5_Math,w2t5,Math,full,0.7078511118888855,-0.6836801171302795,0.2290891408920288,0.692237913608551,1,2,1,1,1,static,0,2
w2t5_Reading,w2t5,Reading,full,0.6737863421440125,-0.4779917001724243,-1.139814019203186,0.34001627564430237,1,2,1,1,1,static,0,2
w2t5_Relax,w2t5,Relax,full,0.3905918002128601,0.6322866082191467,0.13375627994537354,-0.6746560335159302,1,1,1,0,1,static,0,2
w2t5_Speaking,w2t5,Speaking,full,0.7264957427978516,-1.6360782384872437,-0.4555794894695282,0.09984251856803894,1,2,1,1,1,static,0,2
w2t5_Stroop,w2t5,Stroop,full,0.6828581094741821,-0.5382136702537537,-0.8204479217529297,-0.3592779338359833,0,1,1,1,1,static,0,2
4woj_Breathing,4woj,Breathing,no_physio,0.2095380574464798,0.4115794599056244,0.11093919724225998,0.059030454605817795,0,0,1,0,1,static,0,2
4woj_Math,4woj,Math,no_physio,0.7019054889678955,-0.6572955250740051,0.430079847574234,0.7554148435592651,0,0,1,1,1,static,0,2
4woj_Reading,4woj,Reading,no_physio,0.5053824782371521,0.09489688277244568,-1.3528844118118286,0.2027488648891449,1,2,1,1,1,static,0,2
4woj_Relax,4woj,Relax,no_physio,0.4085342288017273,0.2703759968280792,0.09130991995334625,-0.26382768154144287,0,0,1,0,1,static,0,2
4woj_Speaking,4woj,Speaking,no_physio,0.5466357469558716,-1.1978440284729004,-0.4539678990840912,-0.15544408559799194,1,2,1,1,1,static,0,2
4woj_Stroop,4woj,Stroop,no_physio,0.54648357629776,-0.07492727041244507,-1.0484856367111206,-0.39325541257858276,0,0,1,1,1,static,0,2
9t6n_Breathing,9t6n,Breathing,no_physio,0.21644173562526703,0.2640802562236786,0.05259843170642853,-0.09795306622982025,0,1,1,0,1,static,0,2
9t6n_Math,9t6n,Math,no_physio,0.6907310485839844,-1.1030101776123047,0.8499642610549927,0.625960111618042,1,2,1,1,1,static,0,2
9t6n_Reading,9t6n,Reading,no_physio,0.6074667572975159,-0.38850274682044983,-0.8293793797492981,-0.016104377806186676,1,2,1,1,1,static,0,2
9t6n_Relax,9t6n,Relax,no_physio,0.3861515522003174,0.1822308897972107,0.11263761669397354,-0.5207479000091553,0,0,1,0,1,static,0,2
9t6n_Speaking,9t6n,Speaking,no_physio,0.6957776546478271,-1.739744782447815,0.04523251950740814,-0.20762591063976288,1,2,1,1,1,static,0,2
9t6n_Stroop,9t6n,Stroop,no_physio,0.641850471496582,-0.6249004006385803,-0.5023422837257385,-0.5275434255599976,1,2,1,1,1,static,0,2
m8g5_Breathing,m8g5,Breathing,no_physio,0.22022804617881775,0.42259281873703003,0.03732511028647423,-0.01831546425819397,0,0,1,0,1,static,0,2
m8g5_Math,m8g5,Math,no_physio,0.6586939096450806,-0.925961434841156,0.30259180068969727,0.7777420878410339,0,0,1,1,1,static,0,2
m8g5_Reading,m8g5,Reading,no_physio,0.7008585333824158,-0.4172708988189697,-0.7818512320518494,0.13458414375782013,1,2,1,1,1,static,0,2
m8g5_Relax,m8g5,Relax,no_physio,0.4218244254589081,0.23733308911323547,0.03385200351476669,-0.37643009424209595,0,0,1,0,1,static,0,2
m8g5_Speaking,m8g5,Speaking,no_physio,0.7440897226333618,-1.6634198427200317,-0.08184418827295303,-0.13117606937885284,0,1,1,1,1,static,0,2
m8g5_Stroop,m8g5,Stroop,no_physio,0.666485071182251,-0.3844165802001953,-0.6812217831611633,-0.5365588068962097,1,2,1,1,1,static,0,2
w2t5_Breathing,w2t5,Breathing,no_physio,0.21601608395576477,0.37888652086257935,0.09266603738069534,-0.09364843368530273,0,0,1,0,1,static,0,2
w2t5_Math,w2t5,Math,no_physio,0.7279077768325806,-0.810448408126831,0.4056597054004669,0.6767148971557617,1,2,1,1,1,static,0,2
w2t5_Reading,w2t5,Reading,no_physio,0.6282951235771179,-0.21198870241641998,-1.1821210384368896,0.1643567979335785,1,2,1,1,1,static,0,2
w2t5_Relax,w2t5,Relax,no_physio,0.41060686111450195,0.29756003618240356,0.08927907794713974,-0.48319771885871887,1,1,1,0,1,static,0,2
w2t5_Speaking,w2t5,Speaking,no_physio,0.6973856091499329,-1.5292211771011353,-0.3714858591556549,-0.07504510879516602,1,2,1,1,1,static,0,2
w2t5_Stroop,w2t5,Stroop,no_physio,0.6707146763801575,-0.48616933822631836,-0.7581167221069336,-0.47626587748527527,0,1,1,1,1,static,0,2
4woj_Breathing,4woj,Breathing,no_audio,0.1683150976896286,0.8190844058990479,0.18100734055042267,-0.19530582427978516,0,0,1,0,1,static,0,2
4woj_Math,4woj,Math,no_audio,0.4857836961746216,-0.1895104944705963,0.0741729661822319,0.4382103681564331,0,0,1,1,1,static,0,2
4woj_Reading,4woj,Reading,no_audio,0.46897315979003906,0.28721246123313904,-1.2333356142044067,-0.10033787786960602,1,2,1,1,1,static,0,2
4woj_Relax,4woj,Relax,no_audio,0.3272317349910736,0.7437397241592407,0.28628820180892944,-0.6028570532798767,0,0,1,0,1,static,0,2
4woj_Speaking,4woj,Speaking,no_audio,0.33775246143341064,-0.5521029829978943,-0.24796000123023987,-0.8512275815010071,1,2,1,1,1,static,0,2
4woj_Stroop,4woj,Stroop,no_audio,0.33118802309036255,0.43246954679489136,-0.992480456829071,-0.980707585811615,0,0,1,1,1,static,0,2
9t6n_Breathing,9t6n,Breathing,no_audio,0.15673287212848663,0.7742010951042175,0.21656006574630737,-0.24514929950237274,0,1,1,0,1,static,0,2
9t6n_Math,9t6n,Math,no_audio,0.388130247592926,0.25324541330337524,0.06087937206029892,0.07185293734073639,1,2,1,1,1,static,0,2
9t6n_Reading,9t6n,Reading,no_audio,0.4447430968284607,0.4392521381378174,-1.2346880435943604,-0.32331201434135437,1,2,1,1,1,static,0,2
9t6n_Relax,9t6n,Relax,no_audio,0.4057042896747589,0.4851882755756378,0.038482218980789185,-0.6373727321624756,0,0,1,0,1,static,0,2
9t6n_Speaking,9t6n,Speaking,no_audio,0.48619747161865234,-0.8442381024360657,-0.5982656478881836,-0.5741833448410034,1,2,1,1,1,static,0,2
9t6n_Stroop,9t6n,Stroop,no_audio,0.4060364365577698,0.449459969997406,-1.1782557964324951,-0.9814730882644653,1,2,1,1,1,static,0,2
m8g5_Breathing,m8g5,Breathing,no_audio,0.2244788557291031,0.5963040590286255,0.09299056231975555,-0.17201419174671173,0,0,1,0,1,static,0,2
m8g5_Math,m8g5,Math,no_audio,0.5180390477180481,-0.23827454447746277,0.04349689930677414,0.5552582144737244,0,0,1,1,1,static,0,2
m8g5_Reading,m8g5,Reading,no_audio,0.5545145869255066,0.03447309881448746,-1.2162268161773682,0.0495293103158474,1,2,1,1,1,static,0,2
m8g5_Relax,m8g5,Relax,no_audio,0.3205348253250122,0.8042896389961243,0.2891487777233124,-0.6897022128105164,0,0,1,0,1,static,0,2
m8g5_Speaking,m8g5,Speaking,no_audio,0.33816519379615784,-0.34941455721855164,-0.32338452339172363,-0.8185186982154846,0,1,1,1,1,static,0,2
m8g5_Stroop,m8g5,Stroop,no_audio,0.3023035228252411,0.6946666240692139,-0.9694915413856506,-1.1017476320266724,1,2,1,1,1,static,0,2
w2t5_Breathing,w2t5,Breathing,no_audio,0.17318031191825867,0.8398617506027222,0.18714672327041626,-0.323326051235199,0,0,1,0,1,static,0,2
w2t5_Math,w2t5,Math,no_audio,0.35313794016838074,0.39584657549858093,0.13377487659454346,0.11880959570407867,1,2,1,1,1,static,0,2
w2t5_Reading,w2t5,Reading,no_audio,0.5654346346855164,-0.130227729678154,-1.3330929279327393,0.14932066202163696,1,2,1,1,1,static,0,2
w2t5_Relax,w2t5,Relax,no_audio,0.3905918002128601,0.6322866082191467,0.13375627994537354,-0.6746560335159302,1,1,1,0,1,static,0,2
w2t5_Speaking,w2t5,Speaking,no_audio,0.566284716129303,-1.073561668395996,-0.6483267545700073,-0.24415765702724457,1,2,1,1,1,static,0,2
w2t5_Stroop,w2t5,Stroop,no_audio,0.40578529238700867,0.3513645827770233,-1.101405382156372,-0.8572902679443359,0,1,1,1,1,static,0,2
4woj_Breathing,4woj,Breathing,no_video,0.17745091021060944,0.8788532018661499,0.2314777970314026,-0.3185247778892517,0,0,1,0,1,static,0,2
4woj_Math,4woj,Math,no_video,0.7120864987373352,-0.9904495477676392,0.675198495388031,0.6698535084724426,0,0,1,1,1,static,0,2
4woj_Reading,4woj,Reading,no_video,0.64298415184021,-0.40127259492874146,-0.9315292239189148,0.2565534710884094,1,2,1,1,1,static,0,2
4woj_Relax,4woj,Relax,no_video,0.33490613102912903,0.7491858601570129,0.4089679419994354,-0.7329210638999939,0,0,1,0,1,static,0,2
4woj_Speaking,4woj,Speaking,no_video,0.6650108695030212,-1.6043745279312134,-0.07124454528093338,-0.28981226682662964,1,2,1,1,1,static,0,2
4woj_Stroop,4woj,Stroop,no_video,0.6335936784744263,-0.4922600984573364,-0.6265228986740112,-0.5084472298622131,0,0,1,1,1,static,0,2
9t6n_Breathing,9t6n,Breathing,no_video,0.16991770267486572,0.8409258723258972,0.2883110046386719,-0.2748364210128784,0,1,1,0,1,static,0,2
9t6n_Math,9t6n,Math,no_video,0.6860542297363281,-1.0733325481414795,0.8558369278907776,0.6451812982559204,1,2,1,1,1,static,0,2
9t6n_Reading,9t6n,Reading,no_video,0.6580476760864258,-0.5571100115776062,-0.627173662185669,0.15389114618301392,1,2,1,1,1,static,0,2
9t6n_Relax,9t6n,Relax,no_video,0.4816438555717468,0.24103733897209167,0.21883663535118103,-0.4768929183483124,0,0,1,0,1,static,0,2
9t6n_Speaking,9t6n,Speaking,no_video,0.7182300686836243,-1.8518834114074707,0.14521968364715576,-0.13447153568267822,1,2,1,1,1,static,0,2
9t6n_Stroop,9t6n,Stroop,no_video,0.6382300853729248,-0.6484034061431885,-0.44137611985206604,-0.4827069640159607,1,2,1,1,1,static,0,2
m8g5_Breathing,m8g5,Breathing,no_video,0.25793421268463135,0.3085556924343109,0.299209862947464,-0.09948721528053284,0,0,1,0,1,static,0,2
m8g5_Math,m8g5,Math,no_video,0.6817672848701477,-1.1052247285842896,0.668595016002655,0.6845022439956665,0,0,1,1,1,static,0,2
m8g5_Reading,m8g5,Reading,no_video,0.6831768751144409,-0.5718833804130554,-0.5664133429527283,0.09076397120952606,1,2,1,1,1,static,0,2
m8g5_Relax,m8g5,Relax,no_video,0.33944466710090637,0.8032748699188232,0.3656533360481262,-0.7561467885971069,0,0,1,0,1,static,0,2
m8g5_Speaking,m8g5,Speaking,no_video,0.7064558267593384,-1.6827163696289062,0.16637000441551208,-0.25751662254333496,0,1,1,1,1,static,0,2
m8g5_Stroop,m8g5,Stroop,no_video,0.6354172825813293,-0.549664318561554,-0.43268677592277527,-0.5548874735832214,1,2,1,1,1,static,0,2
w2t5_Breathing,w2t5,Breathing,no_video,0.183256596326828,0.8465441465377808,0.22098523378372192,-0.32297107577323914,0,0,1,0,1,static,0,2
w2t5_Math,w2t5,Math,no_video,0.6955837607383728,-0.9214873313903809,0.5656237006187439,0.6832869052886963,1,2,1,1,1,static,0,2
w2t5_Reading,w2t5,Reading,no_video,0.6552308201789856,-0.5461989641189575,-0.8852937817573547,0.2510843276977539,1,2,1,1,1,static,0,2
w2t5_Relax,w2t5,Relax,no_video,0.42638009786605835,0.40019071102142334,0.2742110788822174,-0.5593623518943787,1,1,1,0,1,static,0,2
w2t5_Speaking,w2t5,Speaking,no_video,0.7198514342308044,-1.7862753868103027,-0.21878936886787415,0.031282540410757065,1,2,1,1,1,static,0,2
w2t5_Stroop,w2t5,Stroop,no_video,0.6599909663200378,-0.5914052724838257,-0.6335604190826416,-0.418234258890152,0,1,1,1,1,static,0,2
4woj_Breathing,4woj,Breathing,physio_only,0.17745091021060944,0.8788532018661499,0.2314777970314026,-0.3185247778892517,0,0,1,0,1,static,0,2
4woj_Math,4woj,Math,physio_only,0.5944881439208984,-0.7113344669342041,0.4885956048965454,0.6047099232673645,0,0,1,1,1,static,0,2
4woj_Reading,4woj,Reading,physio_only,0.5446615219116211,-0.13956469297409058,-0.8648793697357178,0.002430664375424385,1,2,1,1,1,static,0,2
4woj_Relax,4woj,Relax,physio_only,0.33490613102912903,0.7491858601570129,0.4089679419994354,-0.7329210638999939,0,0,1,0,1,static,0,2
4woj_Speaking,4woj,Speaking,physio_only,0.4515077769756317,-0.9875253438949585,-0.015967145562171936,-0.7850241661071777,1,2,1,1,1,static,0,2
4woj_Stroop,4woj,Stroop,physio_only,0.46227189898490906,-0.07007579505443573,-0.6583629250526428,-0.8312951326370239,0,0,1,1,1,static,0,2
9t6n_Breathing,9t6n,Breathing,physio_only,0.16991770267486572,0.8409258723258972,0.2883110046386719,-0.2748364210128784,0,1,1,0,1,static,0,2
9t6n_Math,9t6n,Math,physio_only,0.4593312740325928,-0.02470259740948677,0.2964979410171509,0.25924402475357056,1,2,1,1,1,static,0,2
9t6n_Reading,9t6n,Reading,physio_only,0.5226967930793762,0.07166525721549988,-0.9493399262428284,-0.07566320896148682,1,2,1,1,1,static,0,2
9t6n_Relax,9t6n,Relax,physio_only,0.4816438555717468,0.24103733897209167,0.21883663535118103,-0.4768929183483124,0,0,1,0,1,static,0,2
9t6n_Speaking,9t6n,Speaking,physio_only,0.5818774104118347,-1.2338390350341797,-0.25453218817710876,-0.3762035071849823,1,2,1,1,1,static,0,2
9t6n_Stroop,9t6n,Stroop,physio_only,0.46007490158081055,0.14666739106178284,-0.9081829190254211,-0.7689810395240784,1,2,1,1,1,static,0,2
m8g5_Breathing,m8g5,Breathing,physio_only,0.25793421268463135,0.3085556924343109,0.299209862947464,-0.09948721528053284,0,0,1,0,1,static,0,2
m8g5_Math,m8g5,Math,physio_only,0.5904744863510132,-0.6646042466163635,0.49361559748649597,0.6216979622840881,0,0,1,1,1,static,0,2
m8g5_Reading,m8g5,Reading,physio_only,0.6126911640167236,-0.3382192850112915,-0.8027538657188416,0.14104703068733215,1,2,1,1,1,static,0,2
m8g5_Relax,m8g5,Relax,physio_only,0.33944466710090637,0.8032748699188232,0.3656533360481262,-0.7561467885971069,0,0,1,0,1,static,0,2
m8g5_Speaking,m8g5,Speaking,physio_only,0.39256393909454346,-0.6174865365028381,-0.17125952243804932,-0.8269528150558472,0,1,1,1,1,static,0,2
m8g5_Stroop,m8g5,Stroop,physio_only,0.4019051790237427,0.23401054739952087,-0.7252352237701416,-0.8870913982391357,1,2,1,1,1,static,0,2
w2t5_Breathing,w2t5,Breathing,physio_only,0.183256596326828,0.8465441465377808,0.22098523378372192,-0.32297107577323914,0,0,1,0,1,static,0,2
w2t5_Math,w2t5,Math,physio_only,0.3992035686969757,0.10817673802375793,0.31533417105674744,0.23232801258563995,1,2,1,1,1,static,0,2
w2t5_Reading,w2t5,Reading,physio_only,0.6140062808990479,-0.42802056670188904,-0.9165815711021423,0.19363251328468323,1,2,1,1,1,static,0,2
w2t5_Relax,w2t5,Relax,physio_only,0.42638009786605835,0.40019071102142334,0.2742110788822174,-0.5593623518943787,1,1,1,0,1,static,0,2
w2t5_Speaking,w2t5,Speaking,physio_only,0.6411425471305847,-1.4665560722351074,-0.3351891040802002,-0.11800439655780792,1,2,1,1,1,static,0,2
w2t5_Stroop,w2t5,Stroop,physio_only,0.49690988659858704,-0.10658115148544312,-0.8466744422912598,-0.6208981275558472,0,1,1,1,1,static,0,2
4woj_Breathing,4woj,Breathing,audio_only,0.2314741611480713,0.3617974519729614,0.15851107239723206,-0.13740912079811096,0,0,1,0,1,static,0,2
4woj_Math,4woj,Math,audio_only,0.6759989261627197,-0.860578179359436,0.7731019854545593,0.4738599359989166,0,0,1,1,1,static,0,2
4woj_Reading,4woj,Reading,audio_only,0.5347745418548584,-0.12063421308994293,-1.0597269535064697,0.07861316204071045,1,2,1,1,1,static,0,2
4woj_Relax,4woj,Relax,audio_only,0.431059867143631,0.25867146253585815,0.2027963399887085,-0.5765758156776428,0,0,1,0,1,static,0,2
4woj_Speaking,4woj,Speaking,audio_only,0.6303267478942871,-1.6037729978561401,-0.2065865695476532,-0.25978678464889526,1,2,1,1,1,static,0,2
4woj_Stroop,4woj,Stroop,audio_only,0.5967042446136475,-0.36615821719169617,-0.7284823656082153,-0.5726161599159241,0,0,1,1,1,static,0,2
9t6n_Breathing,9t6n,Breathing,audio_only,0.2314741611480713,0.3617974519729614,0.15851107239723206,-0.13740912079811096,0,1,1,0,1,static,0,2
9t6n_Math,9t6n,Math,audio_only,0.6207699179649353,-1.0872411727905273,1.171040654182434,0.4009760320186615,1,2,1,1,1,static,0,2
9t6n_Reading,9t6n,Reading,audio_only,0.5477047562599182,-0.4809842109680176,-0.43744298815727234,-0.16345833241939545,1,2,1,1,1,static,0,2
9t6n_Relax,9t6n,Relax,audio_only,0.431059867143631,0.25867146253585815,0.2027963399887085,-0.5765758156776428,0,0,1,0,1,static,0,2
9t6n_Speaking,9t6n,Speaking,audio_only,0.6435080766677856,-1.8618286848068237,0.4231858253479004,-0.4406964182853699,1,2,1,1,1,static,0,2
9t6n_Stroop,9t6n,Stroop,audio_only,0.5636844635009766,-0.6280590891838074,-0.17373475432395935,-0.7585089802742004,1,2,1,1,1,static,0,2
m8g5_Breathing,m8g5,Breathing,audio_only,0.2314741611480713,0.3617974519729614,0.15851107239723206,-0.13740912079811096,0,0,1,0,1,static,0,2
m8g5_Math,m8g5,Math,audio_only,0.6058058738708496,-1.0156084299087524,0.7122836709022522,0.4162686765193939,0,0,1,1,1,static,0,2
m8g5_Reading,m8g5,Reading,audio_only,0.6209141612052917,-0.4127490520477295,-0.46210595965385437,-0.18948028981685638,1,2,1,1,1,static,0,2
m8g5_Relax,m8g5,Relax,audio_only,0.431059867143631,0.25867146253585815,0.2027963399887085,-0.5765758156776428,0,0,1,0,1,static,0,2
m8g5_Speaking,m8g5,Speaking,audio_only,0.6812585592269897,-1.6968873739242554,0.2563701272010803,-0.4333117604255676,0,1,1,1,1,static,0,2
m8g5_Stroop,m8g5,Stroop,audio_only,0.6054437756538391,-0.4957137107849121,-0.38285794854164124,-0.739241361618042,1,2,1,1,1,static,0,2
w2t5_Breathing,w2t5,Breathing,audio_only,0.2314741611480713,0.3617974519729614,0.15851107239723206,-0.13740912079811096,0,0,1,0,1,static,0,2
w2t5_Math,w2t5,Math,audio_only,0.6777654886245728,-0.8844618797302246,0.7504563927650452,0.4792000651359558,1,2,1,1,1,static,0,2
w2t5_Reading,w2t5,Reading,audio_only,0.58185875415802,-0.2843789756298065,-0.8830000162124634,0.02202790603041649,1,2,1,1,1,static,0,2
w2t5_Relax,w2t5,Relax,audio_only,0.431059867143631,0.25867146253585815,0.2027963399887085,-0.5765758156776428,1,1,1,0,1,static,0,2
w2t5_Speaking,w2t5,Speaking,audio_only,0.6529607772827148,-1.6383614540100098,-0.13849544525146484,-0.23785169422626495,1,2,1,1,1,static,0,2
w2t5_Stroop,w2t5,Stroop,audio_only,0.6130916476249695,-0.45553773641586304,-0.5480700135231018,-0.6513909101486206,0,1,1,1,1,static,0,2
4woj_Breathing,4woj,Breathing,video_only,0.2095380574464798,0.4115794599056244,0.11093919724225998,0.059030454605817795,0,0,1,0,1,static,0,2
4woj_Math,4woj,Math,video_only,0.308712899684906,0.1523313820362091,0.32216981053352356,0.3129837214946747,0,0,1,1,1,static,0,2
4woj_Reading,4woj,Reading,video_only,0.2853929400444031,0.6362239718437195,-0.9366523623466492,-0.2770512104034424,1,2,1,1,1,static,0,2
4woj_Relax,4woj,Relax,video_only,0.4085342288017273,0.2703759968280792,0.09130991995334625,-0.26382768154144287,0,0,1,0,1,static,0,2
4woj_Speaking,4woj,Speaking,video_only,0.30722078680992126,-0.6466750502586365,-0.16717633605003357,-0.5728329420089722,1,2,1,1,1,static,0,2
4woj_Stroop,4woj,Stroop,video_only,0.2420455664396286,0.5225334167480469,-0.8189908266067505,-0.848727822303772,0,0,1,1,1,static,0,2
9t6n_Breathing,9t6n,Breathing,video_only,0.21644173562526703,0.2640802562236786,0.05259843170642853,-0.09795306622982025,0,1,1,0,1,static,0,2
9t6n_Math,9t6n,Math,video_only,0.3452898859977722,0.023714952170848846,0.23790398240089417,0.17273613810539246,1,2,1,1,1,static,0,2
9t6n_Reading,9t6n,Reading,video_only,0.29778099060058594,0.5845514535903931,-0.9908466935157776,-0.43274933099746704,1,2,1,1,1,static,0,2
9t6n_Relax,9t6n,Relax,video_only,0.3861515522003174,0.1822308897972107,0.11263761669397354,-0.5207479000091553,0,0,1,0,1,static,0,2
9t6n_Speaking,9t6n,Speaking,video_only,0.3656882047653198,-0.7319587469100952,-0.2949584722518921,-0.634523868560791,1,2,1,1,1,static,0,2
9t6n_Stroop,9t6n,Stroop,video_only,0.31253868341445923,0.43317845463752747,-0.9740574955940247,-0.9982995390892029,1,2,1,1,1,static,0,2
m8g5_Breathing,m8g5,Breathing,video_only,0.22022804617881775,0.42259281873703003,0.03732511028647423,-0.01831546425819397,0,0,1,0,1,static,0,2
m8g5_Math,m8g5,Math,video_only,0.3393830955028534,0.0980006605386734,0.20081377029418945,0.34855470061302185,0,0,1,1,1,static,0,2
m8g5_Reading,m8g5,Reading,video_only,0.3026301860809326,0.6476758718490601,-1.0098017454147339,-0.3667246401309967,1,2,1,1,1,static,0,2
m8g5_Relax,m8g5,Relax,video_only,0.4218244254589081,0.23733308911323547,0.03385200351476669,-0.37643009424209595,0,0,1,0,1,static,0,2
m8g5_Speaking,m8g5,Speaking,video_only,0.36986416578292847,-0.6941542625427246,-0.34414705634117126,-0.5762277841567993,0,1,1,1,1,static,0,2
m8g5_Stroop,m8g5,Stroop,video_only,0.26176002621650696,0.5958394408226013,-0.8994989395141602,-0.9892175197601318,1,2,1,1,1,static,0,2
w2t5_Breathing,w2t5,Breathing,video_only,0.21601608395576477,0.37888652086257935,0.09266603738069534,-0.09364843368530273,0,0,1,0,1,static,0,2
w2t5_Math,w2t5,Math,video_only,0.3486963212490082,0.1480221003293991,0.22785541415214539,0.19781345129013062,1,2,1,1,1,static,0,2
w2t5_Reading,w2t5,Reading,video_only,0.3166637718677521,0.6664578914642334,-1.029495120048523,-0.3914044499397278,1,2,1,1,1,static,0,2
w2t5_Relax,w2t5,Relax,video_only,0.41060686111450195,0.29756003618240356,0.08927907794713974,-0.48319771885871887,1,1,1,0,1,static,0,2
w2t5_Speaking,w2t5,Speaking,video_only,0.3710731267929077,-0.6049453616142273,-0.30778899788856506,-0.6358069181442261,1,2,1,1,1,static,0,2
w2t5_Stroop,w2t5,Stroop,video_only,0.27599823474884033,0.5371936559677124,-0.9055390357971191,-1.0002714395523071,0,1,1,1,1,static,0,2
2hpu_Breathing,2hpu,Breathing,full,0.1200544536113739,1.115281581878662,0.30307161808013916,-0.4772059917449951,0,0,1,0,1,static,0,3
2hpu_Math,2hpu,Math,full,0.6885986328125,-0.8972539901733398,0.11113469302654266,0.7630702257156372,0,1,1,1,1,static,0,3
2hpu_Reading,2hpu,Reading,full,0.7259796857833862,-0.655247688293457,-1.0090302228927612,0.4285956621170044,0,0,1,1,1,static,0,3
2hpu_Relax,2hpu,Relax,full,0.28126785159111023,1.1264020204544067,0.3614407181739807,-0.9802064895629883,0,0,1,0,1,static,0,3
2hpu_Speaking,2hpu,Speaking,full,0.6946451663970947,-1.7324259281158447,-0.22049926221370697,0.03469341993331909,1,2,1,1,1,static,0,3
2hpu_Stroop,2hpu,Stroop,full,0.7013428807258606,-0.7754324674606323,-0.3666996359825134,-0.4091241955757141,1,2,1,1,1,static,0,3
8g4y_Breathing,8g4y,Breathing,full,0.18355046212673187,0.6769700646400452,-0.3617955446243286,-0.01874828338623047,0,0,1,0,1,static,0,3
8g4y_Math,8g4y,Math,full,0.39267611503601074,-0.15361225605010986,-0.2332543581724167,0.6330117583274841,1,1,1,1,1,static,0,3
8g4y_Reading,8g4y,Reading,full,0.6149579286575317,-0.6682022213935852,-1.3207077980041504,0.7080820798873901,1,1,1,1,1,static,0,3
8g4y_Relax,8g4y,Relax,full,0.4891822636127472,0.3101895749568939,-0.30853134393692017,-0.3634359538555145,0,0,1,0,1,static,0,3
8g4y_Speaking,8g4y,Speaking,full,0.3678301274776459,-1.1773840188980103,-0.48989444971084595,-0.11969482898712158,1,2,1,1,1,static,0,3
8g4y_Stroop,8g4y,Stroop,full,0.2498636394739151,0.4563751220703125,-1.041443109512329,-0.643218457698822,1,1,1,1,1,static,0,3
kkf5_Breathing,kkf5,Breathing,full,0.1152379959821701,1.1022130250930786,0.40807127952575684,-0.49117305874824524,0,0,1,0,1,static,0,3
kkf5_Math,kkf5,Math,full,0.7166072130203247,-0.9921532273292542,0.7680729627609253,0.4955308437347412,1,2,1,1,1,static,0,3
kkf5_Reading,kkf5,Reading,full,0.6420910358428955,-0.23945781588554382,-0.5361683368682861,-0.2037721425294876,1,2,1,1,1,static,0,3
kkf5_Relax,kkf5,Relax,full,0.3968963623046875,0.6654573678970337,0.35926955938339233,-1.052298665046692,0,0,1,0,1,static,0,3
kkf5_Speaking,kkf5,Speaking,full,0.7278468608856201,-1.7902090549468994,0.22981028258800507,-0.24350139498710632,1,2,1,1,1,static,0,3
kkf5_Stroop,kkf5,Stroop,full,0.6800810098648071,-0.734973132610321,-0.48936396837234497,-0.4008786082267761,1,2,1,1,1,static,0,3
v8mh_Breathing,v8mh,Breathing,full,0.11363579332828522,1.081443428993225,0.43437397480010986,-0.404186874628067,0,0,1,0,1,static,0,3
v8mh_Math,v8mh,Math,full,0.6374870538711548,-0.8488723635673523,0.7927625775337219,0.3344343900680542,1,1,1,1,1,static,0,3
v8mh_Reading,v8mh,Reading,full,0.6564405560493469,-0.6197410225868225,-0.5124763250350952,0.05953758955001831,1,2,1,1,1,static,0,3
v8mh_Relax,v8mh,Relax,full,0.26586511731147766,0.9678983092308044,0.4489964246749878,-0.8756364583969116,0,0,1,0,1,static,0,3
v8mh_Speaking,v8mh,Speaking,full,0.6027907133102417,-1.481282114982605,0.21552449464797974,-0.508695662021637,0,1,1,1,1,static,0,3
v8mh_Stroop,v8mh,Stroop,full,0.6348913908004761,-0.5509262084960938,-0.005630172789096832,-0.8856458067893982,1,2,1,1,1,static,0,3
2hpu_Breathing,2hpu,Breathing,no_physio,0.17395828664302826,0.6551392674446106,0.36158233880996704,-0.45481371879577637,0,0,1,0,1,static,0,3
2hpu_Math,2hpu,Math,no_physio,0.5387680530548096,-0.65279620885849,0.2799975275993347,0.5690998435020447,0,1,1,1,1,static,0,3
2hpu_Reading,2hpu,Reading,no_physio,0.6265261173248291,-0.4065698981285095,-0.8999294638633728,0.21779584884643555,0,0,1,1,1,static,0,3
2hpu_Relax,2hpu,Relax,no_physio,0.35786277055740356,0.6126993894577026,0.5074747204780579,-0.8961269855499268,0,0,1,0,1,static,0,3
2hpu_Speaking,2hpu,Speaking,no_physio,0.5543042421340942,-1.56270170211792,0.0014170259237289429,-0.18431133031845093,1,2,1,1,1,static,0,3
2hpu_Stroop,2hpu,Stroop,no_physio,0.5997839570045471,-0.6471893787384033,-0.13066276907920837,-0.5542013049125671,1,2,1,1,1,static,0,3
8g4y_Breathing,8g4y,Breathing,no_physio,0.1701703518629074,0.659060537815094,-0.17502455413341522,-0.03990931808948517,0,0,1,0,1,static,0,3
8g4y_Math,8g4y,Math,no_physio,0.6936571598052979,-1.1339929103851318,0.0894160345196724,1.0230506658554077,1,1,1,1,1,static,0,3
8g4y_Reading,8g4y,Reading,no_physio,0.6703806519508362,-0.8145075440406799,-1.0361535549163818,0.6045480370521545,1,1,1,1,1,static,0,3
8g4y_Relax,8g4y,Relax,no_physio,0.35442182421684265,0.589327871799469,-0.24279092252254486,-0.3935984671115875,0,0,1,0,1,static,0,3
8g4y_Speaking,8g4y,Speaking,no_physio,0.7134778499603271,-1.9183900356292725,-0.3165839910507202,0.2612771689891815,1,2,1,1,1,static,0,3
8g4y_Stroop,8g4y,Stroop,no_physio,0.6687038540840149,-0.8901015520095825,-0.7328260540962219,-0.0396730974316597,1,1,1,1,1,static,0,3
kkf5_Breathing,kkf5,Breathing,no_physio,0.16007037460803986,0.6680202484130859,0.4773649573326111,-0.5284578800201416,0,0,1,0,1,static,0,3
kkf5_Math,kkf5,Math,no_physio,0.585142970085144,-0.8541632294654846,1.0366685390472412,0.3764231204986572,1,2,1,1,1,static,0,3
kkf5_Reading,kkf5,Reading,no_physio,0.5324093103408813,-0.4018684923648834,-0.5904281139373779,0.09131766110658646,1,2,1,1,1,static,0,3
kkf5_Relax,kkf5,Relax,no_physio,0.3006506860256195,0.5873891711235046,0.370425820350647,-0.7699193954467773,0,0,1,0,1,static,0,3
kkf5_Speaking,kkf5,Speaking,no_physio,0.6068047881126404,-1.7340259552001953,0.453829288482666,-0.3662753105163574,1,2,1,1,1,static,0,3
kkf5_Stroop,kkf5,Stroop,no_physio,0.5321398377418518,-0.496468722820282,-0.2994009852409363,-0.6011627912521362,1,2,1,1,1,static,0,3
v8mh_Breathing,v8mh,Breathing,no_physio,0.19099320471286774,0.5260424017906189,0.29399627447128296,-0.3830185532569885,0,0,1,0,1,static,0,3
v8mh_Math,v8mh,Math,no_physio,0.4613438546657562,-0.6197932362556458,0.6381582021713257,0.4208759367465973,1,1,1,1,1,static,0,3
v8mh_Reading,v8mh,Reading,no_physio,0.4497566819190979,-0.23628449440002441,-0.6275937557220459,-0.014438794925808907,1,2,1,1,1,static,0,3
v8mh_Relax,v8mh,Relax,no_physio,0.31703323125839233,0.516355037689209,0.22755354642868042,-0.6974349617958069,0,0,1,0,1,static,0,3
v8mh_Speaking,v8mh,Speaking,no_physio,0.47485247254371643,-1.3997218608856201,0.12672199308872223,-0.38711702823638916,0,1,1,1,1,static,0,3
v8mh_Stroop,v8mh,Stroop,no_physio,0.5891677141189575,-0.5837520956993103,-0.031362228095531464,-0.7423825263977051,1,2,1,1,1,static,0,3
2hpu_Breathing,2hpu,Breathing,no_audio,0.1200544536113739,1.115281581878662,0.30307161808013916,-0.4772059917449951,0,0,1,0,1,static,0,3
2hpu_Math,2hpu,Math,no_audio,0.5952646136283875,-0.3143954873085022,0.04861302673816681,0.28448647260665894,0,1,1,1,1,static,0,3
2hpu_Reading,2hpu,Reading,no_audio,0.6620392799377441,-0.15257877111434937,-1.1693906784057617,0.03151187300682068,0,0,1,1,1,static,0,3
2hpu_Relax,2hpu,Relax,no_audio,0.28126785159111023,1.1264020204544067,0.3614407181739807,-0.9802064895629883,0,0,1,0,1,static,0,3
2hpu_Speaking,2hpu,Speaking,no_audio,0.589677095413208,-1.1932064294815063,-0.3873036503791809,-0.425390362739563,1,2,1,1,1,static,0,3
2hpu_Stroop,2hpu,Stroop,no_audio,0.6081874966621399,-0.24336713552474976,-0.7530301213264465,-0.7461945414543152,1,2,1,1,1,static,0,3
8g4y_Breathing,8g4y,Breathing,no_audio,0.18355046212673187,0.6769700646400452,-0.3617955446243286,-0.01874828338623047,0,0,1,0,1,static,0,3
8g4y_Math,8g4y,Math,no_audio,0.19722864031791687,0.8994761109352112,0.21458223462104797,0.03999333083629608,1,1,1,1,1,static,0,3
8g4y_Reading,8g4y,Reading,no_audio,0.2853851318359375,0.7040291428565979,-1.5042686462402344,0.005541963502764702,1,1,1,1,1,static,0,3
8g4y_Relax,8g4y,Relax,no_audio,0.4891822636127472,0.3101895749568939,-0.30853134393692017,-0.3634359538555145,0,0,1,0,1,static,0,3
8g4y_Speaking,8g4y,Speaking,no_audio,0.20103232562541962,-0.14034616947174072,-0.3232458233833313,-0.6452667713165283,1,2,1,1,1,static,0,3
8g4y_Stroop,8g4y,Stroop,no_audio,0.158949613571167,1.175840139389038,-0.8034496307373047,-0.9662766456604004,1,1,1,1,1,static,0,3
kkf5_Breathing,kkf5,Breathing,no_audio,0.1152379959821701,1.1022130250930786,0.40807127952575684,-0.49117305874824524,0,0,1,0,1,static,0,3
kkf5_Math,kkf5,Math,no_audio,0.6121839880943298,-0.3997776210308075,0.3106432557106018,0.13648739457130432,1,2,1,1,1,static,0,3
kkf5_Reading,kkf5,Reading,no_audio,0.35518065094947815,0.9288190603256226,-0.8002170920372009,-0.8033501505851746,1,2,1,1,1,static,0,3
kkf5_Relax,kkf5,Relax,no_audio,0.3968963623046875,0.6654573678970337,0.35926955938339233,-1.052298665046692,0,0,1,0,1,static,0,3
kkf5_Speaking,kkf5,Speaking,no_audio,0.6067264080047607,-1.1467472314834595,-0.22158361971378326,-0.6944236159324646,1,2,1,1,1,static,0,3
kkf5_Stroop,kkf5,Stroop,no_audio,0.585286021232605,-0.23655599355697632,-0.7710096836090088,-0.7940742373466492,1,2,1,1,1,static,0,3
v8mh_Breathing,v8mh,Breathing,no_audio,0.11363579332828522,1.081443428993225,0.43437397480010986,-0.404186874628067,0,0,1,0,1,static,0,3
v8mh_Math,v8mh,Math,no_audio,0.5046826004981995,-0.2528863549232483,0.6321296095848083,-0.06852027028799057,1,1,1,1,1,static,0,3
v8mh_Reading,v8mh,Reading,no_audio,0.5434897541999817,-0.056411996483802795,-0.7240889668464661,-0.3457164168357849,1,2,1,1,1,static,0,3
v8mh_Relax,v8mh,Relax,no_audio,0.26586511731147766,0.9678983092308044,0.4489964246749878,-0.8756364583969116,0,0,1,0,1,static,0,3
v8mh_Speaking,v8mh,Speaking,no_audio,0.4254145324230194,-0.7363238334655762,-0.06959082186222076,-0.9641044735908508,0,1,1,1,1,static,0,3
v8mh_Stroop,v8mh,Stroop,no_audio,0.41680610179901123,0.39331504702568054,-0.523140549659729,-1.3379290103912354,1,2,1,1,1,static,0,3
2hpu_Breathing,2hpu,Breathing,no_video,0.11820849031209946,1.1721233129501343,0.34718698263168335,-0.3643700182437897,0,0,1,0,1,static,0,3
2hpu_Math,2hpu,Math,no_video,0.7235645651817322,-1.0917549133300781,0.19029217958450317,0.9625352621078491,0,1,1,1,1,static,0,3
2hpu_Reading,2hpu,Reading,no_video,0.7266603112220764,-0.8446084260940552,-0.8782192468643188,0.5719477534294128,0,0,1,1,1,static,0,3
2hpu_Relax,2hpu,Relax,no_video,0.2783676087856293,1.1262096166610718,0.3329557180404663,-0.7733250260353088,0,0,1,0,1,static,0,3
2hpu_Speaking,2hpu,Speaking,no_video,0.7367836833000183,-1.9054443836212158,-0.1648089438676834,0.1765390932559967,1,2,1,1,1,static,0,3
2hpu_Stroop,2hpu,Stroop,no_video,0.7230504751205444,-0.879435122013092,-0.3299611210823059,-0.2988733649253845,1,2,1,1,1,static,0,3
8g4y_Breathing,8g4y,Breathing,no_video,0.24785204231739044,0.42412468791007996,0.0007118433713912964,0.09371265769004822,0,0,1,0,1,static,0,3
8g4y_Math,8g4y,Math,no_video,0.5486462712287903,-0.92747962474823,0.3214118480682373,1.0244807004928589,1,1,1,1,1,static,0,3
8g4y_Reading,8g4y,Reading,no_video,0.6853752732276917,-0.9546953439712524,-0.7585186958312988,0.6483330130577087,1,1,1,1,1,static,0,3
8g4y_Relax,8g4y,Relax,no_video,0.6065633893013,-0.17011922597885132,0.3100721836090088,-0.2781924307346344,0,0,1,0,1,static,0,3
8g4y_Speaking,8g4y,Speaking,no_video,0.4723532795906067,-1.732844591140747,0.2137289196252823,-0.07925046980381012,1,2,1,1,1,static,0,3
8g4y_Stroop,8g4y,Stroop,no_video,0.46616947650909424,-0.6653608083724976,-0.14573359489440918,-0.3721150755882263,1,1,1,1,1,static,0,3
kkf5_Breathing,kkf5,Breathing,no_video,0.11808780580759048,1.1692869663238525,0.4083833694458008,-0.3868843913078308,0,0,1,0,1,static,0,3
kkf5_Math,kkf5,Math,no_video,0.7501586675643921,-1.085387945175171,0.8033381104469299,0.6521642804145813,1,2,1,1,1,static,0,3
kkf5_Reading,kkf5,Reading,no_video,0.7494445443153381,-0.61986243724823,-0.3528931736946106,0.11738455295562744,1,2,1,1,1,static,0,3
kkf5_Relax,kkf5,Relax,no_video,0.5399558544158936,0.4071335792541504,0.3772463798522949,-0.807611346244812,0,0,1,0,1,static,0,3
kkf5_Speaking,kkf5,Speaking,no_video,0.7597196102142334,-1.9047330617904663,0.30131039023399353,-0.07747527956962585,1,2,1,1,1,static,0,3
kkf5_Stroop,kkf5,Stroop,no_video,0.7200608849525452,-0.8518943190574646,-0.47754549980163574,-0.24234262108802795,1,2,1,1,1,static,0,3
v8mh_Breathing,v8mh,Breathing,no_video,0.11436282098293304,1.161355972290039,0.4281725287437439,-0.34086260199546814,0,0,1,0,1,static,0,3
v8mh_Math,v8mh,Math,no_video,0.7208262085914612,-0.9877579808235168,0.8122011423110962,0.5361058115959167,1,1,1,1,1,static,0,3
v8mh_Reading,v8mh,Reading,no_video,0.7297375798225403,-0.784538209438324,-0.43961697816848755,0.24652433395385742,1,2,1,1,1,static,0,3
v8mh_Relax,v8mh,Relax,no_video,0.293921560049057,1.1357009410858154,0.4850448966026306,-0.8748106956481934,0,0,1,0,1,static,0,3
v8mh_Speaking,v8mh,Speaking,no_video,0.7202515602111816,-1.7787469625473022,0.3223608732223511,-0.25882139801979065,0,1,1,1,1,static,0,3
v8mh_Stroop,v8mh,Stroop,no_video,0.6865414977073669,-0.714114785194397,0.035673461854457855,-0.6969501376152039,1,2,1,1,1,static,0,3
2hpu_Breathing,2hpu,Breathing,physio_only,0.11820849031209946,1.1721233129501343,0.34718698263168335,-0.3643700182437897,0,0,1,0,1,static,0,3
2hpu_Math,2hpu,Math,physio_only,0.6773822903633118,-0.7907692193984985,0.20247061550617218,0.7905400395393372,0,1,1,1,1,static,0,3
2hpu_Reading,2hpu,Reading,physio_only,0.657041072845459,-0.5202505588531494,-0.9113949537277222,0.4105627238750458,0,0,1,1,1,static,0,3
2hpu_Relax,2hpu,Relax,physio_only,0.2783676087856293,1.1262096166610718,0.3329557180404663,-0.7733250260353088,0,0,1,0,1,static,0,3
2hpu_Speaking,2hpu,Speaking,physio_only,0.6893783807754517,-1.6592670679092407,-0.23772846162319183,0.01730245165526867,1,2,1,1,1,static,0,3
2hpu_Stroop,2hpu,Stroop,physio_only,0.6649309396743774,-0.5425838232040405,-0.6440553069114685,-0.47424042224884033,1,2,1,1,1,static,0,3
8g4y_Breathing,8g4y,Breathing,physio_only,0.24785204231739044,0.42412468791007996,0.0007118433713912964,0.09371265769004822,0,0,1,0,1,static,0,3
8g4y_Math,8g4y,Math,physio_only,0.19079740345478058,0.9316057562828064,0.4196844696998596,0.04163150489330292,1,1,1,1,1,static,0,3
8g4y_Reading,8g4y,Reading,physio_only,0.39101389050483704,0.17875060439109802,-1.1056947708129883,0.32624515891075134,1,1,1,1,1,static,0,3
8g4y_Relax,8g4y,Relax,physio_only,0.6065633893013,-0.17011922597885132,0.3100721836090088,-0.2781924307346344,0,0,1,0,1,static,0,3
8g4y_Speaking,8g4y,Speaking,physio_only,0.2065158188343048,-0.31334054470062256,-0.014796219766139984,-0.6417480707168579,1,2,1,1,1,static,0,3
8g4y_Stroop,8g4y,Stroop,physio_only,0.1567230075597763,1.1730070114135742,-0.5721076726913452,-0.9913799166679382,1,1,1,1,1,static,0,3
kkf5_Breathing,kkf5,Breathing,physio_only,0.11808780580759048,1.1692869663238525,0.4083833694458008,-0.3868843913078308,0,0,1,0,1,static,0,3
kkf5_Math,kkf5,Math,physio_only,0.7224432826042175,-0.7628572583198547,0.41284292936325073,0.5042640566825867,1,2,1,1,1,static,0,3
kkf5_Reading,kkf5,Reading,physio_only,0.5032548904418945,0.5300279855728149,-0.7290087938308716,-0.5467808842658997,1,2,1,1,1,static,0,3
kkf5_Relax,kkf5,Relax,physio_only,0.5399558544158936,0.4071335792541504,0.3772463798522949,-0.807611346244812,0,0,1,0,1,static,0,3
kkf5_Speaking,kkf5,Speaking,physio_only,0.7248567342758179,-1.5722708702087402,-0.08335663378238678,-0.31067413091659546,1,2,1,1,1,static,0,3
kkf5_Stroop,kkf5,Stroop,physio_only,0.6880393624305725,-0.6278753280639648,-0.6644722819328308,-0.43129605054855347,1,2,1,1,1,static,0,3
v8mh_Breathing,v8mh,Breathing,physio_only,0.11436282098293304,1.161355972290039,0.4281725287437439,-0.34086260199546814,0,0,1,0,1,static,0,3
v8mh_Math,v8mh,Math,physio_only,0.6594247221946716,-0.5554994344711304,0.7254701852798462,0.20744310319423676,1,1,1,1,1,static,0,3
v8mh_Reading,v8mh,Reading,physio_only,0.6684371829032898,-0.37056052684783936,-0.5544924736022949,-0.06471763551235199,1,2,1,1,1,static,0,3
v8mh_Relax,v8mh,Relax,physio_only,0.293921560049057,1.1357009410858154,0.4850448966026306,-0.8748106956481934,0,0,1,0,1,static,0,3
v8mh_Speaking,v8mh,Speaking,physio_only,0.5796533226966858,-1.129446029663086,0.11391165852546692,-0.7192508578300476,0,1,1,1,1,static,0,3
v8mh_Stroop,v8mh,Stroop,physio_only,0.49020686745643616,0.18564996123313904,-0.4155118465423584,-1.1144152879714966,1,2,1,1,1,static,0,3
2hpu_Breathing,2hpu,Breathing,audio_only,0.17387810349464417,0.6486499309539795,0.18896910548210144,-0.2895786762237549,0,0,1,0,1,static,0,3
2hpu_Math,2hpu,Math,audio_only,0.6429345011711121,-1.0436725616455078,0.08063028752803802,0.8282200694084167,0,1,1,1,1,static,0,3
2hpu_Reading,2hpu,Reading,audio_only,0.6676156520843506,-0.7508485317230225,-1.027238130569458,0.4093168079853058,0,0,1,1,1,static,0,3
2hpu_Relax,2hpu,Relax,audio_only,0.3400322496891022,0.6095453500747681,0.17137983441352844,-0.6710128784179688,0,0,1,0,1,static,0,3
2hpu_Speaking,2hpu,Speaking,audio_only,0.6730111837387085,-1.875792145729065,-0.22411613166332245,0.022310597822070122,1,2,1,1,1,static,0,3
2hpu_Stroop,2hpu,Stroop,audio_only,0.6709595918655396,-0.8129421472549438,-0.2846522331237793,-0.38304799795150757,1,2,1,1,1,static,0,3
8g4y_Breathing,8g4y,Breathing,audio_only,0.17387810349464417,0.6486499309539795,0.18896910548210144,-0.2895786762237549,0,0,1,0,1,static,0,3
8g4y_Math,8g4y,Math,audio_only,0.6755877137184143,-1.176033616065979,0.5946820974349976,0.8054637312889099,1,1,1,1,1,static,0,3
8g4y_Reading,8g4y,Reading,audio_only,0.680205762386322,-0.9288290143013,-0.4399030804634094,0.3510895371437073,1,1,1,1,1,static,0,3
8g4y_Relax,8g4y,Relax,audio_only,0.3400322496891022,0.6095453500747681,0.17137983441352844,-0.6710128784179688,0,0,1,0,1,static,0,3
8g4y_Speaking,8g4y,Speaking,audio_only,0.7097461223602295,-1.954875111579895,0.22680731117725372,-0.01414780505001545,1,2,1,1,1,static,0,3
8g4y_Stroop,8g4y,Stroop,audio_only,0.6666185855865479,-0.891358494758606,-0.13858522474765778,-0.3510240316390991,1,1,1,1,1,static,0,3
kkf5_Breathing,kkf5,Breathing,audio_only,0.17387810349464417,0.6486499309539795,0.18896910548210144,-0.2895786762237549,0,0,1,0,1,static,0,3
kkf5_Math,kkf5,Math,audio_only,0.6987456679344177,-1.0888639688491821,0.9001585245132446,0.6152893900871277,1,2,1,1,1,static,0,3
kkf5_Reading,kkf5,Reading,audio_only,0.6607181429862976,-0.7535499334335327,-0.6467517614364624,0.2816546857357025,1,2,1,1,1,static,0,3
kkf5_Relax,kkf5,Relax,audio_only,0.3400322496891022,0.6095453500747681,0.17137983441352844,-0.6710128784179688,0,0,1,0,1,static,0,3
kkf5_Speaking,kkf5,Speaking,audio_only,0.6970202922821045,-1.953357219696045,0.36292314529418945,-0.1496317833662033,1,2,1,1,1,static,0,3
kkf5_Stroop,kkf5,Stroop,audio_only,0.6408886313438416,-0.7403736114501953,-0.5595093369483948,-0.3130537271499634,1,2,1,1,1,static,0,3
v8mh_Breathing,v8mh,Breathing,audio_only,0.17387810349464417,0.6486499309539795,0.18896910548210144,-0.2895786762237549,0,0,1,0,1,static,0,3
v8mh_Math,v8mh,Math,audio_only,0.5870684385299683,-0.8491358757019043,0.37991613149642944,0.6588573455810547,1,1,1,1,1,static,0,3
v8mh_Reading,v8mh,Reading,audio_only,0.5658825039863586,-0.5115441083908081,-0.9142715930938721,0.22269535064697266,1,2,1,1,1,static,0,3
v8mh_Relax,v8mh,Relax,audio_only,0.3400322496891022,0.6095453500747681,0.17137983441352844,-0.6710128784179688,0,0,1,0,1,static,0,3
v8mh_Speaking,v8mh,Speaking,audio_only,0.6038123965263367,-1.7277588844299316,-0.06279537081718445,-0.1377614438533783,0,1,1,1,1,static,0,3
v8mh_Stroop,v8mh,Stroop,audio_only,0.6718031167984009,-0.7512703537940979,-0.1859070211648941,-0.4975466728210449,1,2,1,1,1,static,0,3
2hpu_Breathing,2hpu,Breathing,video_only,0.17395828664302826,0.6551392674446106,0.36158233880996704,-0.45481371879577637,0,0,1,0,1,static,0,3
2hpu_Math,2hpu,Math,video_only,0.2817380130290985,0.497538685798645,0.43041908740997314,-0.13108126819133759,0,1,1,1,1,static,0,3
2hpu_Reading,2hpu,Reading,video_only,0.32145780324935913,0.8267982006072998,-0.7689703106880188,-0.6322061419487,0,0,1,1,1,static,0,3
2hpu_Relax,2hpu,Relax,video_only,0.35786277055740356,0.6126993894577026,0.5074747204780579,-0.8961269855499268,0,0,1,0,1,static,0,3
2hpu_Speaking,2hpu,Speaking,video_only,0.2746225595474243,-0.36612075567245483,-0.004182055592536926,-0.912758469581604,1,2,1,1,1,static,0,3
2hpu_Stroop,2hpu,Stroop,video_only,0.2831862270832062,0.6747646331787109,-0.5706648826599121,-1.2139384746551514,1,2,1,1,1,static,0,3
8g4y_Breathing,8g4y,Breathing,video_only,0.1701703518629074,0.659060537815094,-0.17502455413341522,-0.03990931808948517,0,0,1,0,1,static,0,3
8g4y_Math,8g4y,Math,video_only,0.34442538022994995,0.3546593189239502,-0.18065278232097626,0.3170904517173767,1,1,1,1,1,static,0,3
8g4y_Reading,8g4y,Reading,video_only,0.26278403401374817,0.8766086101531982,-1.2176519632339478,-0.2119162678718567,1,1,1,1,1,static,0,3
8g4y_Relax,8g4y,Relax,video_only,0.35442182421684265,0.589327871799469,-0.24279092252254486,-0.3935984671115875,0,0,1,0,1,static,0,3
8g4y_Speaking,8g4y,Speaking,video_only,0.3473309874534607,-0.4474506080150604,-0.6750155687332153,-0.4479038715362549,1,2,1,1,1,static,0,3
8g4y_Stroop,8g4y,Stroop,video_only,0.2714281976222992,0.7449668049812317,-1.2371119260787964,-0.7612805366516113,1,1,1,1,1,static,0,3
kkf5_Breathing,kkf5,Breathing,video_only,0.16007037460803986,0.6680202484130859,0.4773649573326111,-0.5284578800201416,0,0,1,0,1,static,0,3
kkf5_Math,kkf5,Math,video_only,0.28362753987312317,0.4824167490005493,0.4153251051902771,-0.11449156701564789,1,2,1,1,1,static,0,3
kkf5_Reading,kkf5,Reading,video_only,0.2468041032552719,0.9304529428482056,-0.7836129665374756,-0.4953990578651428,1,2,1,1,1,static,0,3
kkf5_Relax,kkf5,Relax,video_only,0.3006506860256195,0.5873891711235046,0.370425820350647,-0.7699193954467773,0,0,1,0,1,static,0,3
kkf5_Speaking,kkf5,Speaking,video_only,0.28548431396484375,-0.36976158618927,-0.051132217049598694,-0.8735505938529968,1,2,1,1,1,static,0,3
kkf5_Stroop,kkf5,Stroop,video_only,0.24985286593437195,0.7421122193336487,-0.5743247866630554,-1.1885857582092285,1,2,1,1,1,static,0,3
v8mh_Breathing,v8mh,Breathing,video_only,0.19099320471286774,0.5260424017906189,0.29399627447128296,-0.3830185532569885,0,0,1,0,1,static,0,3
v8mh_Math,v8mh,Math,video_only,0.26837649941444397,0.358072966337204,0.4796046018600464,-0.023483263328671455,1,1,1,1,1,static,0,3
v8mh_Reading,v8mh,Reading,video_only,0.25972703099250793,0.7518322467803955,-0.6763744354248047,-0.5314872860908508,1,2,1,1,1,static,0,3
v8mh_Relax,v8mh,Relax,video_only,0.31703323125839233,0.516355037689209,0.22755354642868042,-0.6974349617958069,0,0,1,0,1,static,0,3
v8mh_Speaking,v8mh,Speaking,video_only,0.2793159782886505,-0.4518018364906311,-0.058320239186286926,-0.8509587645530701,0,1,1,1,1,static,0,3
v8mh_Stroop,v8mh,Stroop,video_only,0.28256604075431824,0.6657758355140686,-0.6100606918334961,-1.245442271232605,1,2,1,1,1,static,0,3
